t,x,y,yaw,vx_body,vy_body,wz
4.6129999999999995,2.2184016696008037e-06,8.126256454180423e-09,8.29378920102628e-09,0.0,0.0,0.0
4.633,2.21840166960037e-06,8.126263942309353e-09,8.299306273068725e-09,0.0,0.0,0.0
4.6530000000000005,2.21840166960037e-06,8.12627143044265e-09,8.304823345102741e-09,0.0,0.0,0.0
4.673,2.21840166960037e-06,8.126278917951785e-09,8.310340418200992e-09,0.0,0.0,0.0
4.693,2.21840166960037e-06,8.126286406074045e-09,8.315857490274095e-09,0.0,0.0,0.0
4.713,2.21840166960037e-06,8.12629389359027e-09,8.321374563334456e-09,0.0,0.0,0.0
4.7330000000000005,2.21840166960037e-06,8.12630138170303e-09,8.326891635408291e-09,0.0,0.0,0.0
4.753,2.2184016696008037e-06,8.126308869821532e-09,8.332408707469233e-09,-0.03503651629885339,0.0013346458415693211,0.9833635534088864
4.773,-0.0006987640517184073,2.6697809673648357e-05,0.019667169786760613,-0.03503651304465256,0.0013346559582346094,0.9833635534088864
4.793,-0.0014001460786043293,3.959824245767849e-05,0.03933432862748646,-0.03503651514237283,0.0013346560677974237,0.9833635534088864
4.813,-0.002101646253317469,3.870287730149694e-05,0.05900148746642216,-0.035036513697308626,0.0013346560409293125,0.9833635534088864
4.833,-0.0028029931412281743,2.401205851062889e-05,0.07866864630535568,-0.035036515910937434,0.0013346560830144645,0.9833635534088864
4.853,-0.003503915508196946,-4.468530082825953e-06,0.09833580514428922,0.22290762331834532,0.0012976078149329155,0.9560667170274427
4.873,0.0009299041125601336,0.0004590219509986753,0.11745703043888736,0.22290761357568067,0.0012976072464580095,0.9560667170274427
4.893,0.005354051705150218,0.0010072026431234271,0.1365782558067287,0.22290762104884543,0.0012976072645068878,0.9560667170274427
4.913,0.009766909371905835,0.001639873098915026,0.1556994811746238,0.22290762283192692,0.001297607269685315,0.9560667170274427
4.933,0.014166863670168289,0.0023568019827845455,0.17482070654251897,0.2229076181039538,0.0012976072558903429,0.9560667170274427
4.953,0.018552305857615647,0.003157727229835905,0.19394193191041403,-0.06579674881178693,0.0012898138041896445,0.9503245511665475
4.973,0.017255829837737206,0.0029293728878877364,0.21294831462920918,-0.06579674737166594,0.001289813678888519,0.9503245511665475
4.993,0.015963928038764078,0.0026764199801209555,0.2319546973634034,-0.06579675039387223,0.0012898137076482082,0.9503245511665475
5.013,0.01467706697712252,0.0023989598613643986,0.2509610800976089,-0.0657967468223865,0.0012898136726317896,0.9503245511665475
5.033,0.013395711573208994,0.0020970927642675356,0.2699674628318143,-0.06579674896043647,0.0012898136938549257,0.9503245511665475
5.053,0.012120324645101259,0.0017709276916066862,0.28897384556601996,-0.19999999823774733,0.0013279962070336104,0.9784571226945661
5.073,0.008278360716607385,0.0006564356222608555,0.3085428764524288,-0.20000000599646814,0.001327996799592418,0.9784571226945661
5.093,0.00445893989860514,-0.0005330219196016178,0.3281119072633758,-0.1999999951674322,0.0013279967675756815,0.9784571226945661
5.113,0.000663525533081955,-0.001796989319057072,0.3476809380742682,-0.20000000232066928,0.0013279967912990798,0.9784571226945661
5.133,-0.003106429181310844,-0.0031349825246863904,0.36724996888516004,-0.04643323286441815,0.0013007934779764273,0.9584139733898647
5.153,-0.003982742369931946,-0.0034442298849876466,0.3864181390469261,-0.04643323221590241,0.0013007930714536743,0.9584139733898647
5.173,-0.004852966832230837,-0.00377021660362979,0.40558630926246886,-0.046433234609237845,0.0013007931021852479,0.9584139733898647
5.193,-0.005716783265446154,-0.004112823031671149,0.4247544794780511,-0.04643323712618259,0.0013007931374179917,0.9584139733898647
5.213,-0.006573874299047768,-0.004471923298536057,0.4439226496936334,-0.046433235598633896,0.001300793116016486,0.9584139733898647
5.233,-0.007423924994577872,-0.004847385451353091,0.4630908199092155,0.08713580938442263,0.0013149134783903907,0.9688177308238027
5.253,-0.005876733346003615,-0.0040454740471857565,0.48246706406123724,0.08713580648325274,0.001314913663452981,0.9688177308238027
5.273,-0.004345369427923774,-0.0032137363435317283,0.5018433081853513,0.08713579981358525,0.0013149136142722243,0.9688177308238027
5.293,-0.002830407995674922,-0.0023524845337459252,0.5212195523094454,0.08713580166615861,0.0013149136283075388,0.9688177308238027
5.313,-0.0013324177032845216,-0.0014620419644164756,0.5405957964335392,0.1486480759698253,0.0013000688334507265,0.9578802039031503
5.333,0.0012030117888221622,9.014735846103077e-05,0.5597532912936048,0.14864808407425462,0.0013000686531776523,0.9578802039031503
5.353,0.0037082419631171088,0.0016906216606402593,0.5789107861830117,0.148648084577245,0.0013000686541331102,0.9578802039031503
5.373,0.006182353299852178,0.003338793177015671,0.59806828107244,0.14864807617497638,0.0013000686172190828,0.9578802039031503
5.393,0.008624437616724212,0.005034057152307072,0.6172257759618687,0.14864808723720474,0.0013000686657733268,0.9578802039031503
5.413,0.011033598933542058,0.006775791391919657,0.6363832708512968,0.07404868098371883,0.0012887323758307007,0.9495277454820522
5.433,0.012209158940911949,0.007676502510046738,0.6553737175442039,0.0740486830980982,0.0012887322333758541,0.9495277454820522
5.453,0.013367403299953336,0.008599374340112296,0.6743641642595104,0.07404868581175042,0.0012887322560943062,0.9495277454820522
5.473,0.014507914157228578,0.009544074015926664,0.6933546109748334,0.07404868006463138,0.0012887322059267695,0.9495277454820522
5.493,0.015630280118151544,0.010510260836960349,0.7123450576901568,0.07404868829846709,0.001288732277550407,0.9495277454820522
5.513,0.016734096545266586,0.011497586448165032,0.7313355044054799,0.19477405306191664,0.0013092643143419874,0.964655591939995
5.533,0.019615762443704266,0.014118558310183622,0.7506285062888511,0.19477404030279377,0.001309264569557031,0.964655591939995
5.553,0.022446328460345565,0.01679463463394138,0.7699215081316498,0.19477404201102005,0.0013092645773696981,0.964655591939995
5.573,0.025224741380635116,0.01952481965067894,0.7892145099744198,0.1947740463285767,0.0013092645920493862,0.964655591939995
5.593,0.027949967155237076,0.022308097105661694,0.8085075118171894,0.210370365812336,0.0012955460672877117,0.9545479162188518
5.6129999999999995,0.030836602856326722,0.02536884854499131,0.8275983613226253,0.2103703556272728,0.0012955458384952684,0.9545479162188518
5.633,0.0336642839484074,0.02848414717514435,0.8466892108551729,0.21037035460585274,0.0012955458338476111,0.9545479162188518
5.6530000000000005,0.03643197956058889,0.031652857771231946,0.8657800603877398,0.21037036952932064,0.001295545879710952,0.9545479162188518
5.673,0.03913868116185287,0.034873825567265704,0.8848709099203073,0.21037036784372365,0.0012955458747157256,0.9545479162188518
5.693,0.0417834024076811,0.03814587637464541,0.9039617594528745,0.12216525082789924,0.0012857475586353709,0.9473286161633515
5.713,0.04327423502648977,0.0400814971985745,0.9229082238240601,0.122165251909351,0.0012857474253288523,0.9473286161633515
5.7330000000000005,0.044728129132631425,0.04204501510414269,0.9418546882146057,0.12216525689227437,0.0012857474505405739,0.9473286161633515
5.753,0.04614456281215345,0.044035725157805024,0.960801152605165,0.12216525645675158,0.001285747448716644,0.9473286161633515
5.773,0.04752302774998829,0.046052912624487,0.9797476169957241,0.12216526149508716,0.0012857474750898254,0.9473286161633515
5.793,0.04886302898439131,0.04809585359276235,0.9986940813862836,0.336861437822892,0.0013085502529116555,0.9641295725932192
5.813,0.05248843122881275,0.0537742338753489,1.0179765629499178,0.33686146540004863,0.0013085506369004962,0.9641295725932192
5.833,0.056003672999694255,0.059521460901137344,1.0372590444684953,0.33686144905639015,0.0013085506072582354,0.9641295725932192
5.853,0.059407446886947074,0.06533539797476713,1.05654152598704,0.3368614571721415,0.001308550623073973,0.9641295725932192
5.873,0.06269848793803608,0.07121388339727613,1.0758240075055843,0.43835637198924626,0.0012976544877625895,0.9561013817657417
5.893,0.06683998248108752,0.07894090521245108,1.094945926142567,0.4383563976203549,0.0012976543685006836,0.9561013817657417
5.913,0.0708329739966594,0.08674570305020889,1.114067844801084,0.4383563477510463,0.0012976542936726232,0.9561013817657417
5.933,0.07467600195215134,0.09462542245720487,1.1331897634596169,0.4383563940398622,0.0012976543619918346,0.9561013817657417
5.953,0.07836766059048739,0.1025771836731839,1.15231168211815,0.5092503844399519,0.0012894208473189228,0.9500350429994651
5.973,0.08248294577278617,0.11189353954349555,1.1713122747071825,0.5092503848258068,0.0012894207304704197,0.9500350429994651
5.993,0.08642048197893287,0.12128640226216637,1.190312867312482,0.5092504193824146,0.00128942077347724,0.9500350429994651
6.013,0.0901788487096248,0.1307523807108092,1.2093134599177944,0.5092503945523289,0.0012894207419584525,0.9500350429994651
6.033,0.09375668811781673,0.14028805733056177,1.2283140525231067,0.5092504327316626,0.00128942079039146,0.9500350429994651
6.053,0.09715270980453976,0.14988998983874985,1.2473146451284192,0.41735540677630467,0.0013128212364468261,0.967276307815271
6.073,0.09978102762691661,0.1578122756357786,1.2666600610224712,0.4173553862851537,0.001312821545508408,0.967276307815271
6.093,0.10225560332414868,0.16578392117886426,1.286005476870282,0.41735538261499233,0.0013128215420884909,0.967276307815271
6.113,0.10457551083741098,0.1738019437544101,1.3053508927180588,0.4173553643676269,0.0013128215134309007,0.967276307815271
6.133,0.10673988198718148,0.18186334260134124,1.3246963085658359,0.4391135180521415,0.0012981803702689781,0.9564888128817466
6.153,0.10885420791258653,0.19038708640915694,1.343825975771593,0.43911351775819124,0.0012981801580771307,0.9564888128817466
6.173,0.11080510095053456,0.19894971467270217,1.362955643006288,0.43911353990790153,0.0012981801891966405,0.9564888128817466
6.193,0.11259184609562858,0.20754809429612253,1.382085310241004,0.4391135423040998,0.0012981801927837433,0.9564888128817466
6.213,0.11421379048001364,0.21617907843411008,1.4012149774757194,0.4391135094038103,0.0012981801442152607,0.9564888128817466
6.233,0.11567034055258513,0.22483950838164,1.4203446447104353,0.12216223295725952,0.0012878288812755573,0.948862049075256
6.253,0.1160110451103743,0.22725877130461755,1.4393217775563543,0.12216222935552647,0.001287828714986089,0.948862049075256
6.273,0.11630578035890982,0.2296840639463149,1.4582989104227269,0.12216222151258563,0.001287828672472074,0.948862049075256
6.293,0.11655444013166416,0.23211451271258962,1.4772760432891139,0.12216222292188364,0.0012878286796479382,0.948862049075256
6.313,0.11675693486372522,0.23454924243942227,1.496253176155501,0.12216223289426577,0.0012878287327983623,0.948862049075256
6.333,0.11691319193610157,0.23698737639152248,1.5152303090218877,0.05764390110054098,0.0013067729165234308,0.9628199988142782
6.353,0.11695111252859917,0.23813967552085039,1.5344865992584167,0.057643903940092354,0.0013067732217228074,0.9628199988142782
6.373,0.11696683835041978,0.23929249093077287,1.5537428894575132,0.05764389872152646,0.0013067731652892998,0.9628199988142782
6.393,0.11696036374471516,0.2404453953603936,1.572999179656581,0.0576439001353758,0.0013067731803814184,0.9628199988142782
6.413,0.1169316909751594,0.24159796138936132,1.5922554698556495,-0.019496979275610168,0.0013238269711222488,0.975385091863748
6.433,0.11691359503961063,0.2412072855793389,1.6117630604505206,-0.019496980774563098,0.001323827278678919,0.975385091863748
6.453,0.11690312322025267,0.2408163308425555,1.6312706510116814,-0.019496979802034107,0.001323827244634886,0.975385091863748
6.473,0.11690027947005656,0.2404252462318568,1.6507782415728176,-0.019496980412315873,0.0013238272677918634,0.975385091863748
6.493,0.11690506491703473,0.2400341805553319,1.670285832133954,-0.010209508303129212,0.0013114769091440417,0.9662854473294347
6.513,0.11689927331763195,0.23982814265246769,1.6896114308657455,-0.010209507888881756,0.001311476700612528,0.9662854473294347
6.533,0.11689746435224375,0.23962203149672479,1.7089370296219528,-0.010209508176554357,0.0013114767197679386,0.9662854473294347
6.553,0.11689963870311218,0.23941592387046054,1.728262628378178,-0.010209507292680588,0.0013114766640191509,0.9662854473294347
6.573,0.11690579555441638,0.23920989675839974,1.7475882271344034,-0.010209507936487476,0.0013114767070479703,0.9662854473294347
6.593,0.11691593261067802,0.23900402709007013,1.7669138258906285,-0.027651156018430326,0.001332357062840601,0.9816699136262228
6.6129999999999995,0.11699761259901094,0.23845615672219073,1.7865471121776269,-0.027651154495841372,0.0013323573413155957,0.9816699136262228
6.633,0.11709003270103882,0.2379099951882137,1.8061803984233462,-0.02765115591889163,0.0013323573778339223,0.9816699136262228
6.6530000000000005,0.11719315725323322,0.23736575329226137,1.8258136846690356,-0.027651155727794176,0.0013323573733865146,0.9816699136262228
6.673,0.11730694650288183,0.23682364083245064,1.8454469709147252,-0.02765115463776139,0.001332357347589806,0.9816699136262228
6.693,0.11743135659242648,0.23628386677808877,1.8650802571604144,0.5397025486468587,0.0013068170214821928,0.9628520067021522
6.713,0.11427555426059931,0.2466060608634662,1.8843371874628936,0.539702572372537,0.0013068166741865839,0.9628520067021522
6.7330000000000005,0.11092157529249437,0.2568655743839779,1.9035941178158675,0.5397025418804798,0.001306816634615765,0.9628520067021522
6.753,0.1073706632771095,0.2670586019000353,1.922851048168879,0.5397025574506316,0.0013068166534500603,0.9628520067021522
6.773,0.10362413532673279,0.2771813642582955,1.9421079785218902,0.5446779588807478,0.001287792144845562,0.9488348975079027
6.793,0.09964762722488048,0.28732297879661906,1.961084568322538,0.5446779633133667,0.0012877918787956855,0.9488348975079027
6.813,0.09547939362018353,0.2973873117547751,1.980061158160781,0.5446779293232541,0.0012877918367301955,0.9488348975079027
6.833,0.09112093524419417,0.30737073814563654,1.9990377479990507,0.5446779761162241,0.0012877918920973785,0.9488348975079027
6.853,0.0865738218287629,0.3172696639301316,2.018014337837322,0.544677951420767,0.0012877918627383633,0.9488348975079027
6.873,0.08183968958587946,0.32708052315125374,2.036990927675593,0.5446779543144519,0.0012877918663969368,0.9488348975079027
6.893,0.07692024575050092,0.3367997844239538,2.055967517513864,0.5446779463533438,0.0012877918568003632,0.9488348975079027
6.913,0.07181725916261376,0.3464239463885064,2.074944107352135,0.5385677187896263,0.0013201129210501095,0.9726488029683611
6.933,0.06659104219636104,0.35584222156109746,2.0943969725259186,0.5385677472663288,0.0013201134305986517,0.9726488029683611
6.953,0.061182611330657485,0.36515705501712875,2.113849837635831,0.5385677527896946,0.001320113440749171,0.9726488029683611
6.973,0.05559401563833261,0.37436492371880964,2.133302702745697,0.5385676987275172,0.0013201133746310045,0.9726488029683611
6.993,0.04982737009697484,0.38346234287886055,2.1527555678555625,0.543130275525503,0.001296885193363989,0.9555344785715434
7.013,0.04383508201654222,0.3925223633120373,2.171866148471772,0.5431302895279965,0.001296884873426607,0.9555344785715434
7.033,0.03767075536216811,0.40146622010077215,2.1909767291338933,0.5431303111509197,0.0012968848971355307,0.9555344785715434
7.053,0.03133664346007526,0.41029064804164705,2.210087309796048,0.5431302893884011,0.0012968848709566938,0.9555344785715434
7.073,0.02483505763599639,0.41899242252440594,2.2291978904582033,0.545755717137151,0.001285960437013789,0.9474854221258153
7.093,0.018136415641700453,0.42761003554970645,2.2481474909277597,0.5457556993342458,0.001285960261220076,0.9474854221258153
7.113,0.011275686150992004,0.43609917268634274,2.267097091418902,0.5457557313580229,0.0012859602980559992,0.9474854221258153
7.133,0.0042553330269934995,0.4444567864287413,2.28604669191006,0.5457557335805588,0.0012859603004600761,0.9474854221258153
7.153,-0.002922124766973432,0.4526798737803372,2.3049962924012175,0.5457556936183048,0.0012859602535062464,0.9474854221258153
7.173,-0.010254107878019059,0.460765483274261,2.323945892892375,0.46369323750023017,0.0013265246885917348,0.9773729635515559
7.193,-0.01661605107396143,0.46751279033272436,2.3434932407301163,0.4636932541408325,0.0013265253126039656,0.9773729635515559
7.213,-0.023108661607294863,0.47413445734203885,2.3630405884876944,0.4636932252974808,0.0013265252752309165,0.9773729635515559
7.233,-0.029729460149079547,0.48062795307177436,2.3825879362452143,0.4636932488549639,0.001326525309204185,0.9773729635515559
7.253,-0.03647591572765038,0.486990798471959,2.4021352840027337,0.32047253157953537,0.0013065664155911538,0.9626674478646503
7.273,-0.041228860761398686,0.4912905690792695,2.4213885231615064,0.32047254711921774,0.001306566154092026,0.9626674478646503
7.293,-0.046063704770554145,0.4954980389903167,2.4406417623597365,0.3204725659681026,0.001306566190529046,0.9626674478646503
7.313,-0.05097865522658383,0.49961164860975116,2.459895001557995,0.3204725301109481,0.0013065661180067245,0.9626674478646503
7.333,-0.05597188900336982,0.5036298738278738,2.4791482407562535,0.21783160304475885,0.0012950275665142424,0.9541659005421856
7.353,-0.05942278865925531,0.5062888304139262,2.498231449997949,0.21783160288304554,0.0012950273999123157,0.9541659005421856
7.373,-0.06292379858992302,0.5088814525468512,2.5173146592624476,0.2178315865341577,0.001295027350095887,0.9541659005421856
7.393,-0.06647364352920877,0.5114067959995338,2.536397868526963,0.2178315978341584,0.0012950273834533982,0.9541659005421856
7.413,-0.07007103108473269,0.5138639411750341,2.555481077791478,0.21783159606366853,0.0012950273780158866,0.9541659005421856
7.433,-0.07371465109544735,0.5162519932486911,2.5745642870559933,0.15275257369065232,0.0013567667052089005,0.9996549500641677
7.453,-0.07630593555013192,0.5178699145375186,2.594557272000748,0.15275258137103306,0.0013567676866521328,0.9996549500641677
7.473,-0.07892904650822562,0.5194357076416412,2.6145502568234478,0.15275258148561743,0.0013567676932242645,0.9996549500641677
7.493,-0.08158293612962436,0.520948747295615,2.6345432416460577,0.1527525756872963,0.0013567676683720331,0.9996549500641677
7.513,-0.08426654327014615,0.5224084292699588,2.654536226468668,0.15350768796048275,0.00133017852244343,0.9800642853509367
7.533,-0.08699190182101289,0.5238217123527016,2.674137400288065,0.1535076785031219,0.0013301780763845528,0.9800642853509367
7.553,-0.08974443722811692,0.525181307539616,2.6937385741600575,0.15350768808137555,0.0013301781154024112,0.9800642853509367
7.573,-0.0925230918566305,0.5264866922707078,2.7133397480320887,0.153507689094541,0.0013301781189006892,0.9800642853509367
7.593,-0.09532679834826817,0.5277373644196427,2.7329409219041203,0.1535076921255139,0.0013301781323919182,0.9800642853509367
7.6129999999999995,-0.09815447928170576,0.5289328440869945,2.752542095776151,0.39557258194133105,0.001330163353334829,0.9800533951326549
7.633,-0.10548455368209074,0.5319090255985595,2.772143051845088,0.39557258896411035,0.0013301633646070898,0.9800533951326549
7.6530000000000005,-0.1128715527593444,0.5347409671378052,2.7917440079140547,0.39557255261253305,0.0013301633037229033,0.9800533951326549
7.673,-0.12031263743050138,0.5374275823674015,2.811344963983021,0.3955725590226124,0.0013301633146520359,0.9800533951326549
7.693,-0.12780494946705742,0.5399678390123205,2.8309459200519878,0.47257393119449775,0.0012948590802603355,0.9540415105899918
7.713,-0.1368117232013821,0.5428321826378022,2.8500266414624265,0.4725739400656617,0.0012948585803113088,0.9540415105899918
7.7330000000000005,-0.1458715082436216,0.5455241603940235,2.869107362942655,0.4725739054308867,0.0012948585295180781,0.9540415105899918
7.753,-0.15498100530567616,0.5480427921707023,2.8881880844229353,0.4725739032392465,0.0012948585262344131,0.9540415105899918
7.773,-0.16413689886028013,0.5503871589482686,2.907268805903215,0.4725739465321333,0.0012948585856597805,0.9540415105899918
7.793,-0.1733358555304797,0.5525564092147146,2.926349527383495,0.49896951029239134,0.0012774267810621437,0.9411978982540719
7.813,-0.18309018760278203,0.5546628467944247,2.945173378110316,0.4989694996072736,0.001277426523253647,0.9411978982540719
7.833,-0.19288244019704287,0.5565853102001854,2.963997228871576,0.49896951718518684,0.001277426544051885,0.9411978982540719
7.853,-0.20270914419024974,0.5583231158836696,2.9828210796328607,0.4989694853356067,0.0012774265032770848,0.9411978982540719
7.873,-0.21256681719054776,0.5598756482102567,3.001644930394146,0.49896950023443326,0.0012774265223078896,0.9411978982540719
7.893,-0.22245196686413207,0.5612423568538982,3.020468781155431,0.5634767468634273,0.001295471844576998,0.9544935625582551
7.913,-0.23364182029104472,0.5625782843578842,3.0395585436569323,0.5634767193293775,0.0012954720694171099,0.9544935625582551
7.933,-0.24485513552714244,0.563700367797968,3.0586483061227856,0.5634767178400766,0.0012954720695652067,0.9544935625582551
7.953,-0.25608782658072415,0.5646082010036174,3.077738068588612,0.5950789289638124,0.001147216852907064,0.8452602595710648
7.973,-0.2679664178694437,0.5653447462369786,3.094643177615279,0.5950789351857133,0.0011472150855153934,0.8452602595710648
7.993,-0.2798557647493298,0.5658803876777609,3.111548286934552,0.5950788859655564,0.001147215025944632,0.8452602595710648
8.013,-0.29175246693876505,0.5662149719156109,3.128453396254041,0.5950789282039918,0.0011472150663349862,0.8452602595710648
8.033,-0.3036531255976854,0.5663484005154094,-3.1378268016060553,0.5999999978099113,0.0008011645488503454,0.5902925989330394
8.053,-0.31565288166904093,0.5662871891129856,-3.1260210166570257,0.6000000024395462,0.0008011622459403213,0.5902925989330394
8.073,-0.3276510827661419,0.5660843163592846,-3.114215231027637,0.6000000085646997,0.0008011622342099685,0.5902925989330394
8.093,-0.33964605281432725,0.5657398129929628,-3.1024094453977415,0.5999999747806396,0.0008011622115259576,0.5902925989330394
8.113,-0.35163611959363295,0.5652537270448506,-3.090603659767845,0.5999999784441937,0.0008011622139775833,0.5902925989330394
8.133,-0.3636196123670821,0.5646261262588526,-3.0787978741379485,0.5945331043854861,0.0005543382816529177,0.408433863740523
8.153,-0.37548609570026276,0.5638688826911892,-3.070629243046264,0.5945330700986561,0.0005543374739900367,0.408433863740523
8.173,-0.3873459993006809,0.5630147347317548,-3.062460611471202,0.5945331019213356,0.000554337483374634,0.408433863740523
8.193,-0.3991985303450828,0.5620637363724734,-3.054291979895789,0.5945331332766393,0.0005543374979293039,0.408433863740523
8.213,-0.4110428979295234,0.5610159510746623,-3.0461233483203753,0.5907180435163327,0.00024173559839184983,0.17810991809590573
8.233,-0.4228029882775982,0.5598849418510069,-3.042561170428366,0.5907180380550268,0.0002417353404606734,0.17810991809590573
8.253,-0.43455897652930464,0.5587120481450091,-3.038998991925308,0.5907180626800258,0.00024173534374685723,0.17810991809590573
8.273,-0.44631071265606476,0.5574972874832868,-3.0354368134218226,0.5907180295962817,0.0002417353369605843,0.17810991809590573
8.293,-0.45805804666193006,0.5562406724269632,-3.0318746349183368,0.5907180455251572,0.00024173534021784682,0.17810991809590573
8.313,-0.46980082996917416,0.5549422188813277,-3.028312456414851,0.5887867755144499,-3.946008706795512e-05,-0.029074081369686224
8.333,-0.4815011793864265,0.5536118961522268,-3.0288939353464355,0.5887867771621915,-3.946007753935499e-05,-0.029074081369686224
8.353,-0.4932023007875597,0.5522883776968824,-3.0294754137286453,0.5887867535913273,-3.946007668367835e-05,-0.029074081369686224
8.373,-0.5049041896009843,0.5509716636635179,-3.030056892110494,0.5887867735818275,-3.946007735294854e-05,-0.029074081369686224
8.393,-0.5166068423149949,0.5496617545783216,-3.0306383704923427,0.5999999901986389,-0.0007750535556156624,-0.5710574265083528
8.413,-0.5285346846835035,0.5483484482864707,-3.042059456302566,0.6000000152586203,-0.0007750555538845252,-0.5710574265083528
8.433,-0.5404767449447047,0.5471714534424674,-3.053480540670961,0.5999999835036498,-0.0007750555469227607,-0.5710574265083528
8.453,-0.5524314683884124,0.5461309250372166,-3.0649016250385697,0.5999999703398091,-0.0007750555385948668,-0.5710574265083528
8.473,-0.5643972956139454,0.5452269960573142,-3.076322709406179,0.5923271881327086,-0.0009254533432831308,-0.681869830442642
8.493,-0.5762196969343955,0.5444727996160036,-3.0899600294357854,0.5923272101559178,-0.000925454370795234,-0.681869830442642
8.513,-0.5880512825787844,0.543879894295394,-3.1035973491686484,0.5923271586574855,-0.0009254543375118301,-0.681869830442642
8.533,-0.5998898528976826,0.5434483900198468,-3.1172346689013826,0.5923271677358497,-0.0009254543446732388,-0.681869830442642
8.553,-0.6117332068519346,0.5431783670663171,-3.1308719886341168,0.5923271900614219,-0.0009254543621257634,-0.681869830442642
8.573,-0.6235791420272055,0.5430698756353926,3.1386759988127357,0.5971394075327288,-0.0012466470516552663,-0.9185228745252632
8.593,-0.6355215814451366,0.5431296397371514,3.1203056452105637,0.5971393877785403,-0.0012466507434347792,-0.9185228745252632
8.613,-0.6474609037543287,0.5434087689855918,3.1019352922452024,0.5971393834598973,-0.0012466507646689481,-0.9185228745252632
8.633,-0.659393084153004,0.5439071659405609,3.083564939280066,0.5971394009716172,-0.0012466507831192727,-0.9185228745252632
8.653,-0.6713140961685684,0.5446246652812615,3.0651945863149286,0.5773181586919142,-0.0012503251024990822,-0.9212301190664235
8.673,-0.68282464175582,0.5455308414538226,3.0467700887725035,0.5773181922092944,-0.0012503251877406876,-0.9212301190664235
8.693,-0.6943165390703824,0.5466489280370689,3.028345591237397,0.5773181907275239,-0.0012503251864529746,-0.9212301190664235
8.713000000000001,-0.7057858868565235,0.5479785454670686,3.009921093702293,0.5773181612442625,-0.001250325154509846,-0.9212301190664235
8.733,-0.7172287915320238,0.5495192423654628,2.991496596167188,0.5773181844258933,-0.0012503251796042447,-0.9212301190664235
8.753,-0.7286413693043842,0.5512704957138103,2.973072098632084,0.5782560632276353,-0.001232880499631231,-0.9083769897246043
8.773,-0.7400383020415345,0.5532345142736957,2.954904662196244,0.5782560571024002,-0.0012328802650617143,-0.9083769897246043
8.793,-0.7513976748652641,0.5554052510468768,2.9367372257256634,0.5782560039160346,-0.0012328802070127043,-0.9083769897246043
8.813,-0.7627157384397137,0.5577819869814861,2.9185697892550717,0.5782560364113055,-0.0012328802415604162,-0.9083769897246043
8.833,-0.773988757606458,0.5603639403463105,2.9004023527844804,0.5763787667983028,-0.0012591435833972653,-0.9277276472063367
8.853,-0.7851764186360655,0.563141798614184,2.8818479054047903,0.5763788178083574,-0.0012591439908950786,-0.9277276472063367
8.873,-0.796310615440297,0.56612674760253,2.863293458077405,0.5763788010259905,-0.0012591439749639888,-0.9277276472063367
8.893,-0.8073875146313434,0.5693177598751666,2.8447390107500357,0.5763788189382054,-0.0012591439945305871,-0.9277276472063367
8.913,-0.8184033032205305,0.5727137370400288,2.8261845634226668,0.5763787649242542,-0.0012591439355315592,-0.9277276472063367
8.933,-0.8293541882963557,0.5763135096369215,2.8076301160952974,0.5767718463579465,-0.0012405125925371574,-0.9140002164384202
8.953,-0.8402439561011111,0.5801180656779373,2.789350215793257,0.5767718604951675,-0.001240512361294549,-0.9140002164384202
8.973,-0.8510623623494366,0.5841210377201863,2.771070315454104,0.5767718969882185,-0.0012405123986652666,-0.9140002164384202
8.993,-0.8618057910554355,0.588321090941785,2.75279041511494,0.5767718714260531,-0.0012405123712974642,-0.9140002164384202
9.013,-0.8724706527592079,0.5927168191338421,2.734510514775775,0.5767718535580413,-0.0012405123519078076,-0.9140002164384202
9.033,-0.8830533828951451,0.5973067559835322,2.716230614436611,0.5602403805684335,-0.0012625456411514968,-0.9302341705839231
9.053,-0.8932490906305252,0.6019533290083162,2.6976260368952096,0.5602404191239209,-0.001262545981936869,-0.9302341705839231
9.073,-0.9033565918433312,0.6067887729208897,2.6790214593976955,0.5602403847863532,-0.0012625459450198162,-0.9302341705839231
9.093,-0.9133723864049845,0.6118114166676226,2.6604168819001948,0.560240403296856,-0.0012625459660073335,-0.9302341705839231
9.113,-0.9232930094325912,0.617019519371794,2.6418123044026944,0.5459344690490789,-0.0013187634532339232,-0.97165477619847
9.133,-0.9328633471446023,0.6222751380210867,2.6223793196100447,0.5459344462279172,-0.0013187642424703216,-0.97165477619847
9.153,-0.9423297507648534,0.6277157327118299,2.602946334929483,0.5459344645491385,-0.0013187642701622815,-0.97165477619847
9.173,-0.9516886466551022,0.6333392493775318,2.5835133502489547,0.545934471524539,-0.0013187642785284226,-0.97165477619847
9.193,-0.9609365002861728,0.6391435647319609,2.564080365568427,0.545934465557351,-0.0013187642716489256,-0.97165477619847
9.213,-0.9700698208920733,0.6451264843255231,2.5446473808878984,0.2689107339898671,-0.001313233594780125,-0.9675798304345309
9.233,-0.9745029359648502,0.6481712567638658,2.5252958946475315,0.26891071538933026,-0.0013132334677065371,-0.9675798304345309
9.253,-0.9788763036675883,0.6513012411551997,2.505944408396128,0.2689107232696788,-0.0013132334863333595,-0.9675798304345309
9.273,-0.9831882864656172,0.6545152655109014,2.486592922144722,0.2689107227335872,-0.0013132334851828353,-0.9675798304345309
9.293,-0.9874372698098198,0.6578121259394645,2.4672414358933152,0.26891072632687535,-0.0013132334938838197,-0.9675798304345309
9.313,-0.9916216623832681,0.661190588211819,2.4478899496419086,0.4337891518923287,-0.0013112703631177614,-0.9661333970593573
9.333,-0.9982753701831456,0.6667577844831422,2.4285673918894237,0.43378916480090274,-0.0013112703536282966,-0.9661333970593573
9.353,-1.0048202697809374,0.6724525007919251,2.4092448341330206,0.43378914917961753,-0.0013112703297079031,-0.9661333970593573
9.373,-1.0112539175280988,0.678272610632306,2.3899222763766166,0.4337891718100062,-0.0013112703641879608,-0.9661333970593573
9.393,-1.0175739128615027,0.6842159400669857,2.370599718620213,0.4337891604268535,-0.0013112703468222964,-0.9661333970593573
9.413,-1.0237778946572778,0.6902802713330416,2.3512771608638094,0.5564834843763622,-0.0012828626707577229,-0.9452028451541614
9.433,-1.0315905641597953,0.6982066190824495,2.332373211709786,0.5564834708143599,-0.0012828622515843602,-0.9452028451541614
9.453,-1.0392520075530844,0.7062792323494763,2.3134692624991033,0.5564834692774283,-0.001282862247035499,-0.9452028451541614
9.473,-1.0467594868080352,0.7144952261900376,2.2945653132884027,0.5564834675456098,-0.0012828622449360672,-0.9452028451541614
9.493,-1.054110318729143,0.722851664979958,2.2756613640777026,0.5564834720690323,-0.001282862250433392,-0.9452028451541614
9.513,-1.0613018786150947,0.73134556081997,2.2567574148670015,0.579863144126458,-0.0012647202662171564,-0.9318359925016773
9.533,-1.0686280617583317,0.7403354838989409,2.238120801157438,0.5798631692523593,-0.0012647200440037976,-0.9318359925016773
9.553,-1.0757854402448568,0.7494603741250113,2.2194841874117146,0.5798631629053006,-0.001264720035211997,-0.9318359925016773
9.573,-1.0827715274993341,0.7587170620809511,2.2008475736659796,0.5798631484297105,-0.0012647200196004293,-0.9318359925016773
9.593,-1.089583899441389,0.7681023309724977,2.1822109599202446,0.5833469398052596,-0.001252161091275683,-0.922582679107303
9.613,-1.0962603921590435,0.7776698354847269,2.1637594113696963,0.5833469931144393,-0.0012521609796677935,-0.922582679107303
9.633,-1.1027592244104147,0.7873588959978867,2.1453078627941267,0.5833469295962985,-0.0012521609101526776,-0.922582679107303
9.653,-1.1090781806826957,0.797166214241742,2.126856314218549,0.5833469463538397,-0.0012521609282587498,-0.922582679107303
9.673,-1.1152151124229994,0.8070884504919069,2.1084047656429714,0.583346972966787,-0.0012521609569374204,-0.922582679107303
9.693,-1.121167930271483,0.8171222269114056,2.0899532170673942,0.5894814344754822,-0.0012373919658910104,-0.9117010267315993
9.713000000000001,-1.1269957364900853,0.8273705102963734,2.0717193002795433,0.5894814365856053,-0.0012373917740732265,-0.9117010267315993
9.733,-1.1326357194048167,0.8377233473873884,2.0534853834622777,0.5894814227309995,-0.0012373917580834892,-0.9117010267315993
9.753,-1.1380860014620988,0.8481772971386065,2.035251466645003,0.5894814510046203,-0.0012373917876125629,-0.9117010267315993
9.773,-1.1433447706499822,0.8587288843761046,2.0170175498277274,0.5923863201233404,-0.0012357987783694069,-0.9105273008298429
9.793,-1.148435382460173,0.8694269949226887,1.99880710739271,0.5923862938082309,-0.00123579873002716,-0.9105273008298429
9.813,-1.1533303426321067,0.8802160290366168,1.9805966649545224,0.5923863099138867,-0.0012357987467377374,-0.9105273008298429
9.833,-1.1580280294854148,0.8910924086839184,1.962386222516333,0.5923863051962762,-0.0012357987418495642,-0.9105273008298429
9.853,-1.1625268849667745,0.9020525270334773,1.9441757800781436,0.5923863330541734,-0.0012357987709562535,-0.9105273008298429
9.873,-1.1668254174607584,0.9130927498512695,1.9259653376399546,0.5908663961523883,-0.0012347436231375242,-0.9097498864665489
9.893,-1.170911648902155,0.9241809079911839,1.9077704433991103,0.5908663780520677,-0.0012347435904635218,-0.9097498864665489
9.913,-1.174795466995115,0.9353415751500593,1.8895755491561652,0.5908663780157092,-0.001234743590450449,-0.9097498864665489
9.933,-1.1784755873102881,0.9465710563866586,1.87138065491322,0.5908664164506533,-0.0012347436305659987,-0.9097498864665489
9.953,-1.1819507902731252,0.9578656350790153,1.8531857606702749,0.5908663866138395,-0.001234743599365623,-0.9097498864665489
9.973,-1.1852199253811777,0.9692215715031961,1.8349908664273293,0.594973402919805,-0.0012302413677371948,-0.9064326944014728
9.993,-1.1883034473893332,0.9807143751507806,1.8168623156421042,0.5949734245523357,-0.0012302413318759087,-0.9064326944014728
10.013,-1.1911781267963162,0.9922611872052307,1.7987337648479156,0.5949734484752306,-0.0012302413561087189,-0.9064326944014728
10.033,-1.193843017480506,1.0038582132758145,1.7806052140537234,0.5949734288859606,-0.0012302413358919184,-0.9064326944014728
10.053,-1.1962972448335085,1.0155016414423532,1.7624766632595317,0.5907591640976787,-0.001227658725174996,-0.9045298251528048
10.073,-1.198523996044791,1.02710489459875,1.7443861696303522,0.590759108911861,-0.0012276586346007812,-0.9045298251528048
10.093,-1.2005404859638533,1.038746529406241,1.7262956759960306,0.5907591164966349,-0.0012276586422567265,-0.9045298251528048
10.113,-1.202346054535751,1.0504227366891838,1.7082051823617062,0.5907591397496477,-0.001227658666422951,-0.9045298251528048
10.133,-1.2039401109295944,1.0621296954782284,1.690114688727382,0.5907591419954101,-0.0012276586687625934,-0.9045298251528048
10.153,-1.2053221334379856,1.0738635743846574,1.672024195093058,0.5870502879668653,-0.0010331604274992773,-0.7612249390869383
10.173,-1.2064880493708312,1.0855464046187187,1.656799782763168,0.5870502491726446,-0.001033158454113614,-0.7612249390869383
10.193,-1.2074759727585416,1.0972456327969937,1.641575370046899,0.5870502276529539,-0.0010331584218300563,-0.7612249390869383
10.213,-1.2082856741457255,1.1089585449718167,1.62635095733049,0.5870502752556886,-0.0010331584636710522,-0.7612249390869383
10.233,-1.2089169672599918,1.1206824269278526,1.611126544614083,0.6000000318208595,-0.00040973158523227235,-0.30188776363965303
10.253,-1.2093926088551594,1.1326729699109768,1.6050888242948065,0.5999999881601853,-0.0004097299970311774,-0.30188776363965303
10.273,-1.2097958477241213,1.1446661708247419,1.5990511027467058,0.6000000328297065,-0.0004097300014873212,-0.30188776363965303
10.293,-1.2101266681687217,1.1566615882475648,1.5930133811979983,0.6000000311103445,-0.0004097300008092143,-0.30188776363965303
10.313,-1.2103850581477926,1.1686587844002834,1.5869756596492917,0.5999999896039448,-0.0004097299866378367,-0.30188776363965303
10.333,-1.2105710082593362,1.1806573215403449,1.5809379381005852,0.5988412992838889,-0.000442182734548084,-0.32579884738360615
10.353,-1.2106836276710344,1.1926335927918799,1.5744219974976743,0.5988413339408486,-0.00044218279951927474,-0.32579884738360615
10.373,-1.210718208066961,1.2046103438083824,1.56790605695838,0.598841320018145,-0.00044218279473073776,-0.32579884738360615
10.393,-1.2106747480138507,1.2165870657548068,1.5613901164191217,0.5988413276427476,-0.0004421827975618917,-0.32579884738360615
10.413,-1.2105532507873147,1.2285632503559136,1.5548741758798637,0.5999999706730083,0.0002747566224833419,0.202439793179533
10.433,-1.2103676868599542,1.2405618046681233,1.5589229505695776,0.5999999698618244,0.000274756481491379,0.202439793179533
10.453,-1.2102307051817551,1.2525610126388491,1.56297172385697,0.5999999705667354,0.0002747564806920141,0.202439793179533
10.473,-1.2101423057588774,1.264560676872696,1.5670204971434847,0.5999999710306736,0.0002747564807867812,0.202439793179533
10.493,-1.2101024914567884,1.2765606006691188,1.571069270429998,0.5999999732940051,0.000274756481309203,0.202439793179533
10.513,-1.2101112615029819,1.2885605873325976,1.5751180437165113,0.593401860548506,0.0007054234075042471,0.5197539566371465
10.533,-1.2101766591141925,1.3004283820942895,1.5855130653855152,0.59340186981896,0.0007054246841428132,0.5197539566371465
10.553,-1.2103654177646308,1.3122948535169248,1.5959080862127148,0.5934018528596863,0.0007054246828259395,0.5197539566371465
10.573,-1.2106775151506854,1.324158721547143,1.6063031070393294,0.5934018598494144,0.0007054246870434669,0.5197539566371465
10.593,-1.2111129189438483,1.3360187044566645,1.616698127865943,0.5926199390735721,0.0006229804052478097,0.4590093593754566
10.613,-1.2116692182766946,1.3478579899417147,1.6258782634768685,0.5926199547109477,0.0006229801222339473,0.4590093593754566
10.633,-1.2123341780504,1.359691670556294,1.6350583992491916,0.592619960154194,0.0006229801230778417,0.4590093593754566
10.653,-1.2131077437256879,1.371518748214585,1.6442385350216313,0.5926199642492013,0.0006229801251966607,0.4590093593754566
10.673,-1.2139898500554813,1.3833382261722256,1.6534186707940715,0.5926199630814051,0.0006229801246053837,0.4590093593754566
10.693,-1.2149804212850206,1.395149108405166,1.6625988065665118,0.6000000043210308,0.00022245229836100056,0.163901995605665
10.713000000000001,-1.2160849347046792,1.4070981606207977,1.6658768274233051,0.6000000355435912,0.0002224519825757068,0.163901995605665
10.733,-1.217228611085809,1.4190435303243807,1.6691548490632109,0.6000000277108618,0.00022245197891675866,0.163901995605665
10.753,-1.2184114383301579,1.430985086804599,1.6724328707036675,0.5999999781779692,0.00022245196971561881,0.163901995605665
10.773,-1.2196334037828271,1.442922701306986,1.675710892344125,0.6000000248307883,0.00022245197836399944,0.163901995605665
10.793,-1.220894494342834,1.4548562465208352,1.6789889139845822,0.6000000197468826,0.00011055291895076258,0.08145508187995865
10.813,-1.2221924721960604,1.4667858405928214,1.6806180063302723,0.5999999830663478,0.00011055289798370116,0.08145508187995865
10.833,-1.2235098828671103,1.4787133041412712,1.6822470988945464,0.6000000209874234,0.00011055290135751628,0.08145508187995865
10.853,-1.2248467216292167,1.490638606184984,1.6838761914589666,0.6000000199587008,0.00011055290126150974,0.08145508187995865
10.873,-1.2262029862412966,1.502561714536648,1.6855052840233864,0.5999999652305463,-7.404282397931172e-05,-0.054554557101521614
10.893,-1.2275750058154884,1.5144830204973299,1.6844141986058607,0.6000000129719232,-7.404282479166191e-05,-0.054554557101521614
10.913,-1.228934016818612,1.5264058169395058,1.683323113549024,0.5999999937991374,-7.404282359436964e-05,-0.054554557101521614
10.933,-1.2302800191946959,1.5383300887795472,1.6822320284924188,0.6000000186166949,-7.404282512535332e-05,-0.054554557101521614
10.953,-1.2316130099057645,1.550255822427121,1.6811409434358133,0.6000000335533917,-7.404282604682455e-05,-0.054554557101521614
10.973,-1.2329329874336523,1.5621830035769169,1.680049858379208,0.5970520054612499,-0.0003600420409157479,-0.26527802876826695
10.993,-1.234227835381618,1.5740536153991502,1.6747443268636826,0.5970520211893293,-0.0003600422364358896,-0.26527802876826695
11.013,-1.235459685116423,1.5859309294538266,1.669438795907675,0.597052016000299,-0.0003600422361808575,-0.26527802876826695
11.033,-1.2366285023767962,1.5978146118704013,1.6641332649520006,0.5970520079519637,-0.00036004223376571304,-0.26527802876826695
11.053,-1.2377342542692333,1.6097043281157628,1.658827733996326,0.5981439243306744,-0.0006653892667493888,-0.4902567965223485
11.073,-1.2387727430134798,1.6216219900044222,1.6490226524339484,0.5981439194765292,-0.0006653901533397941,-0.4902567965223485
11.093,-1.2396943295620706,1.633549259503229,1.6392175714707142,0.5981439147449086,-0.0006653901568094908,-0.4902567965223485
11.113,-1.2404989257775878,1.6454849916955616,1.6294124905077942,0.5981439224527486,-0.0006653901611487212,-0.4902567965223485
11.133,-1.2411864543695623,1.657428039225989,1.619607409544875,0.598143942172171,-0.0006653901721155389,-0.4902567965223485
11.153,-1.2417568491884012,1.6693772540264809,1.6098023285819567,0.5957347035079905,-0.0007607584423182864,-0.5605237434708197
11.173,-1.2422062699684395,1.6812833939105396,1.5985919164852274,0.5957346450112608,-0.0007607588466182723,-0.5605237434708197
11.193,-1.2425221920772267,1.6931938223916,1.5873815045762085,0.5957347017124611,-0.0007607588858382173,-0.5605237434708197
11.213,-1.2427045759593578,1.705107044579161,1.5761710926672803,0.5957346979276749,-0.0007607588834334304,-0.5605237434708197
11.233,-1.2427533987043413,1.717021562706744,1.5649606807583514,0.5957346511224643,-0.0007607588535919331,-0.5605237434708197
11.253,-1.242668655594161,1.7289358790240403,1.553750268849423,0.5940039876994345,-0.0007156614607750026,-0.5272961617698739
11.273,-1.2424518474213666,1.7408139127380922,1.5432044048782732,0.5940039558238335,-0.0007156612381794235,-0.5272961617698739
11.293,-1.2421097897060576,1.752688999632414,1.5326585408183064,0.5940039346247182,-0.0007156612240184455,-0.5272961617698739
11.313,-1.2416425204370012,1.7645598187567137,1.5221126767582982,0.594003949008807,-0.0007156612326777514,-0.5272961617698739
11.333,-1.2410500915908609,1.7764250502643435,1.5115668126982897,0.5930378033901326,-0.0006136981469712921,-0.4521701933434056
11.353,-1.2403357457883077,1.7882642251931788,1.5025234596845196,0.5930377948873837,-0.000613697787501255,-0.4521701933434056
11.373,-1.23951436510269,1.800096456731748,1.4934801064701733,0.5930378474167266,-0.0006136978122514777,-0.4521701933434056
11.393,-1.238586016647998,1.811920777056561,1.4844367532557274,0.5930378275252248,-0.0006136978019424255,-0.4521701933434056
11.413,-1.2375507762739233,1.8237362184213881,1.475393400041282,0.5931047120628569,0.0003485617672721944,0.25681898211302084
11.433,-1.236427753989322,1.835545015667676,1.4805297529073815,0.5931047511815245,0.000348561399091632,0.25681898211302084
11.453,-1.235365401635879,1.847359427332539,1.485666103889744,0.5931047069919303,0.0003485613835019219,0.25681898211302084
11.473,-1.2343637462351496,1.8591791393308954,1.4908024548709415,0.5931047458170637,0.0003485613948981531,0.25681898211302084
11.493,-1.2334228127921913,1.8710038405417835,1.4959388058521372,0.5931047166169077,0.00034856138631572664,0.25681898211302084
11.513,-1.2325426275491145,1.8828332184410133,1.5010751568333338,0.5936114673022344,0.0003725449322355828,0.2744899871087108
11.533,-1.2317229862386094,1.894677102610813,1.506564925981685,0.5936114552399829,0.00037254495594787884,0.2744899871087108
11.553,-1.2309683779375173,1.9065253077573483,1.5120546950831768,0.5936114941178164,0.0003725449683440324,0.2744899871087108
11.573,-1.2302788237930398,1.9183774773129036,1.517544464184636,0.5936115065804941,0.00037254497224933555,0.2744899871087108
11.593,-1.2296543460927092,1.9302332539073745,1.5230342332860958,0.5999999724143483,-0.00032409768084292953,-0.2387941836518448
11.613,-1.2290749457126022,1.9422192438312933,1.518258374904606,0.6000000179933582,-0.0003240976463650125,-0.2387941836518448
11.633,-1.228438307658069,1.9542023305293617,1.5134825178849796,0.5999999941028494,-0.0003240976395996534,-0.2387941836518448
11.653,-1.2277444486820537,1.9661822399129247,1.5087066608662298,0.5999999805269982,-0.00032409763592832624,-0.2387941836518448
11.673,-1.2269933832378466,1.9781586987618232,1.5039308038474803,0.6000000338735936,-0.000595410868260822,-0.43869695469082015
11.693,-1.2261797171039872,1.9901310368101832,1.4951569133499754,0.6000000054695771,-0.0005954114881877165,-0.43869695469082015
11.713000000000001,-1.2252610390703482,2.002095773343087,1.4863830233844901,0.6000000251068184,-0.0005954115023073456,-0.43869695469082015
11.733,-1.2242374214448324,2.0140519893436886,1.4776091334192922,0.5999999788996544,-0.0005954114794075038,-0.43869695469082015
11.753,-1.2231089416723462,2.0259987636536314,1.4688352434540943,0.5999999990918833,-0.000595411489417122,-0.43869695469082015
11.773,-1.221875686585315,2.037935177258674,1.4600613534888962,0.6000000063271544,-0.0004562574108309958,-0.33616874889671566
11.793,-1.2205405146397832,2.0498606392669356,1.4533380163578087,0.6000000023173561,-0.00045625712430054366,-0.33616874889671566
11.813,-1.2191251952682431,2.061776855888127,1.4466146789535435,0.6000000263898146,-0.0004562571314860736,-0.33616874889671566
11.833,-1.2176297909458726,2.0736832877349145,1.4398913415491337,0.6000000008673437,-0.0004562571217734679,-0.33616874889671566
11.853,-1.2160543706575209,2.0855793962664997,1.4331680041447235,0.5999999657448238,-0.00045625710842850387,-0.33616874889671566
11.873,-1.2143990057116885,2.0974646436657336,1.426444666740314,0.5987354715798084,0.00019656924251776342,0.14483157655404558
11.893,-1.2126803238145574,2.1093153677919787,1.4293412834066854,0.5987355292220657,0.00019656910971531383,0.14483157655404558
11.913,-1.210995977222546,2.1211710222861417,1.4322378987958717,0.5987354894297534,0.00019656910220998414,0.14483157655404558
11.933,-1.2093459781300149,2.1330315054360094,1.435134514184268,0.5987355295873587,0.00019656910879166378,0.14483157655404558
11.953,-1.2077303418503293,2.1448967187331767,1.438031129572665,0.5983331442721483,0.00023873011220984508,0.17589569452151135
11.973,-1.2061509817626657,2.1567586946446817,1.4415490239343987,0.5983331357049854,0.00023873012920108683,0.17589569452151135
11.993,-1.2046133615350811,2.168626153103507,1.4450669182137805,0.598333136131641,0.00023873012941591498,0.17589569452151135
12.013,-1.2031174988779803,2.1804989472662344,1.4485848124931069,0.5983331347551825,0.00023873012914348013,0.17589569452151135
12.033,-1.2016634123667518,2.192376930192911,1.4521027067724341,0.5960085905404504,-7.237002832281847e-05,-0.05332203518508742
12.053,-1.2002504465023023,2.204213061613456,1.4510362714085498,0.5960086017916565,-7.237001301134416e-05,-0.05332203518508742
12.073,-1.1988248584345527,2.216047679815166,1.4499698366524962,0.5960085922046494,-7.237001231995277e-05,-0.05332203518508742
12.093,-1.1973866515813862,2.2278807710481376,1.44890340189684,0.5960085948510139,-7.237001247961672e-05,-0.05332203518508742
12.113,-1.1959358262113522,2.239712321811137,1.4478369671411837,0.5960085938218581,-7.237001241705565e-05,-0.05332203518508742
12.133,-1.1944723839247053,2.2515423186048986,1.4467705323855262,0.5927320297818596,-0.00018950809729423312,-0.13962906932483035
12.153,-1.1930021090687657,2.263305426022488,1.4439779663429728,0.5927320917857223,-0.00018950813201631944,-0.13962906932483035
12.173,-1.1914989902289594,2.2750643821214305,1.4411854005294489,0.592732066974247,-0.0001895081282194816,-0.13962906932483035
12.193,-1.1899630393849965,2.2868190945329796,1.438392834716065,0.5927320791874536,-0.00018950813017562518,-0.13962906932483035
12.213,-1.188394269638063,2.298569472111864,1.4356002689026823,0.5927320837554824,-0.00018950813090540253,-0.13962906932483035
12.233,-1.1867926921462684,2.310315423005124,1.4328077030892992,0.6000000057157325,-0.00014153565052268946,-0.10428307926383744
12.253,-1.1851392748167715,2.3222009666384507,1.4307220532276896,0.6000000282046285,-0.00014153564358074244,-0.10428307926383744
12.273,-1.1834610717037939,2.334083036248965,1.4286364032722598,0.5999999804304781,-0.00014153563788134316,-0.10428307926383744
12.293,-1.181758091359166,2.3459615795270827,1.426550753316773,0.5999999684633804,-0.00014153563646877865,-0.10428307926383744
12.313,-1.1800303398747973,2.3578365449755196,1.4244651033612856,0.598690634933446,-2.8112197245008796e-05,-0.020712991847499848
12.333,-1.1782838867334082,2.369682307654584,1.4240508460599481,0.598690693942136,-2.8112196321691818e-05,-0.020712991847499848
12.353,-1.1765325265541982,2.3815273465455813,1.4236365885368947,0.5986906681957919,-2.811219570136858e-05,-0.020712991847499848
12.373,-1.174776259756775,2.3933716586655494,1.4232223310137018,0.5986906335191997,-2.811219488708938e-05,-0.020712991847499848
12.393,-1.173015086519682,2.4052152418726687,1.42280807349051,0.5986906578874162,-2.811219545921506e-05,-0.020712991847499848
12.413,-1.1712490071998634,2.4170580947395552,1.4223938159673164,0.5970639622937889,-2.656994086169817e-05,-0.01957666249750638
12.433,-1.1694828631069338,2.42886804312752,1.4220022849075054,0.5970639192037462,-2.656993989341716e-05,-0.01957666249750638
12.453,-1.167712095837431,2.440677298772179,1.4216107538446803,0.5970639368697405,-2.65699402863806e-05,-0.01957666249750638
12.473,-1.165936704144145,2.4524858602492916,1.4212192227818548,0.5970639730286413,-2.6569941090945348e-05,-0.01957666249750638
12.493,-1.1641566896286037,2.464293726135355,1.4208276917190275,0.5930474842131037,4.690824987899078e-06,0.0034561874752663765
12.513,-1.1623846728036944,2.476021559659594,1.4208968151500234,0.5930474861281184,4.690824981751218e-06,0.0034561874752663765
12.533,-1.1606134654934166,2.487749515492188,1.4209659385199334,0.5930474725882617,4.690824928113568e-06,0.0034561874752663765
12.553,-1.158843069076044,2.4994775936238094,1.4210350618898049,0.5930474647183082,4.690824896999568e-06,0.0034561874752663765
12.573,-1.157073483551557,2.5112057940544297,1.4211041852596766,0.5930474625182575,4.690824888325951e-06,0.0034561874752663765
12.593,-1.1553047089199509,2.5229341167840382,1.4211733086295488,0.5925797291460503,-1.2139310108405521e-05,-0.00894421182442806
12.613,-1.1535378068303932,2.53465326140291,1.4209944253623972,0.5925797132121188,-1.2139309951669786e-05,-0.00894421182442806
12.633,-1.1517688077495625,2.5463720895034645,1.4208155421281323,0.5925797114756298,-1.2139309933906217e-05,-0.00894421182442806
12.653,-1.1499977132862982,2.558090601089359,1.420636658893889,0.5925796989218206,-1.2139309805328513e-05,-0.00894421182442806
12.673,-1.1482245220277942,2.569808795454179,1.4204577756596453,0.5890958492279363,3.995776138961127e-05,0.02944077381440566
12.693,-1.1464606999307914,2.5814579368706605,1.4210465879624155,0.5890958574832372,3.995776191695333e-05,0.02944077381440566
12.713000000000001,-1.144703738314103,2.593108115056314,1.421635400163393,0.5890958706954608,3.995776236680182e-05,0.02944077381440566
12.733,-1.1429536362380257,2.604759325796617,1.422224212364306,0.5890958652182549,3.995776218110314e-05,0.02944077381440566
12.753,-1.14121039440449,2.6164115648780335,1.4228130245652193,0.5890958203599439,3.995776065962575e-05,0.02944077381440566
12.773,-1.1394740149199984,2.6280648280869783,1.4234018367661316,0.5862798607722498,6.30228460446608e-05,0.04643506740011294
12.793,-1.1377532244262816,2.639663470215168,1.4243305329898306,0.5862798455348057,6.302284586470752e-05,0.04643506740011294
12.813,-1.1360432069776922,2.651263705366798,1.425259229168468,0.5862798710642599,6.302284724145346e-05,0.04643506740011294
12.833,-1.1343439627191665,2.662865523766575,1.4261879253470773,0.5862798502337422,6.302284612208497e-05,0.04643506740011294
12.853,-1.132655493047396,2.6744689149309337,1.4271166215256859,0.600000035117708,0.00021137946641890115,0.15574382890155622
12.873,-1.1309414475346702,2.686345864116307,1.4302314810329149,0.6000000328457529,0.00021137950275657014,0.15574382890155622
12.893,-1.129264404966771,2.698228094379255,1.4333463402503537,0.6000000209690877,0.00021137950091358604,0.15574382890155622
12.913,-1.1276243829794403,2.710115490763354,1.4364611994676015,0.5999999757200138,0.00021137949294668112,0.15574382890155622
12.933,-1.1260213960156298,2.7220079373931805,1.4395760586848487,0.6000000236527004,0.00021137950139134276,0.15574382890155622
12.953,-1.1244554595914946,2.733905319822398,1.442690917902096,0.6000000095862729,0.00047502557430612047,0.3499975265246865
12.973,-1.1229318228845275,2.745808170362849,1.4496908298310278,0.5999999709185911,0.00047502592597710447,0.3499975265246865
12.993,-1.1214915414341047,2.7577213930521745,1.4566907412449055,0.5999999891324633,0.0004750259356955666,0.3499975265246865
13.013,-1.1201346867603579,2.76964440588882,1.4636906526584306,0.6000000029752257,0.0004750259412083929,0.3499975265246865
13.033,-1.1188613239348737,2.7815766244644666,1.4706905640719554,0.6000000263963265,0.0004750259504688603,0.3499975265246865
13.053,-1.1176715167782427,2.7935174643670866,1.4776904754854798,0.5999999883705719,0.0007190811642083655,0.529816606014908
13.073,-1.116570185541331,2.8054667524451817,1.4882867486328246,0.5999999898928654,0.0007190820596829073,0.529816606014908
13.093,-1.115595532120379,2.817427037845843,1.4988830213027962,0.6000000153124984,0.0007190820810544368,0.529816606014908
13.113,-1.11474766551087,2.829396979541368,1.5094792939724289,0.600000031849163,0.0007190820910146917,0.529816606014908
13.133,-1.1140266809282546,2.8413752334700635,1.5200755666420627,0.5933508879447678,0.0007199577727128384,0.5304618223079653
13.153,-1.1134394188874148,2.8532276437979562,1.530684743565856,0.5933508948567245,0.0007199577807910397,0.5304618223079653
13.173,-1.1129779315324901,2.8650856174094272,1.541293920487933,0.5933508840550865,0.0007199577742244521,0.5304618223079653
13.193,-1.1126422722151736,2.8769478195246507,1.5519030974100096,0.593350914468574,0.0007199577926876033,0.5304618223079653
13.213,-1.1124324773121275,2.888812915373914,1.5625122743320854,0.5933508733975386,0.0007199577677822529,0.5304618223079653
13.233,-1.1123485704346048,2.9006795687899816,1.573121451254162,0.599747353323375,0.0006899488506377993,0.508351359111457
13.253,-1.1123902583739727,2.9126743807090403,1.583288421367333,0.5997473317385575,0.0006899487135962343,0.508351359111457
13.273,-1.1125538933067074,2.924668148888303,1.5934553915392693,0.5997473156417997,0.0006899487034686246,0.508351359111457
13.293,-1.1128394583662362,2.9366596333798016,1.6036223617112475,0.5997473494290163,0.0006899487229313286,0.508351359111457
13.313,-1.113246922567877,2.9486475952052493,1.6137893318832266,0.6000000075610296,0.0009659133114275076,0.7116809325431736
13.333,-1.1137819731540488,2.9606355416586942,1.6280228707679638,0.6000000156983717,0.0009659152020741954,0.7116809325431736
13.353,-1.1144875954641493,2.972614655785797,1.6422564091117446,0.599999967429851,0.0009659151762063389,0.7116809325431736
13.373,-1.1153636448802717,2.9845825128831573,1.6564899474551367,0.6000000164599321,0.0009659152157470222,0.7116809325431736
13.393,-1.1164099453485394,2.9965366892741305,1.6707234857985278,0.600000012136378,0.0009659152123214221,0.7116809325431736
13.413,-1.1176262834916406,3.0084747627503856,1.6849570241419205,0.5898820585419138,0.0009556029998321197,0.7040829482699565
13.433,-1.1189891585051892,3.020193299023587,1.6990386036581198,0.5898820286919184,0.0009556028948055628,0.7040829482699565
13.453,-1.1205169086871065,3.0318914824605487,1.7131201831945757,0.5898820267610092,0.0009556028926723803,0.7040829482699565
13.473,-1.1222092310723184,3.043566993620863,1.7272017627310468,0.5898820294546262,0.0009556028948413675,0.7040829482699565
13.493,-1.124065790005635,3.05521751744923,1.7412833422675174,0.5837365761813391,0.0008507108833050031,0.6267990979337453
13.513,-1.1260633005176692,3.0667199992249095,1.7538192534900683,0.5837365918199618,0.0008507102066450944,0.6267990979337453
13.533,-1.1282048446647583,3.0781965384696712,1.766355164918528,0.5837365720744786,0.0008507101875183803,0.6267990979337453
13.553,-1.1304900859150153,3.089645330212375,1.7788910763471395,0.5837365663950025,0.0008507101833318126,0.6267990979337453
13.573,-1.1329186650152663,3.1010645754663875,1.791426987775751,0.583736605409361,0.0008507102117506216,0.6267990979337453
13.593,-1.1354902004527323,3.1124524801561853,1.8039628992043628,0.6000000188988875,0.0011963428828838385,0.88145954117456
13.613,-1.138286145734801,3.1241220261743665,1.8215919905759999,0.5999999782653621,0.0011963464556483672,0.88145954117456
13.633,-1.141287367898852,3.1357404672171523,1.839221081268385,0.6000000403547717,0.00119634654227177,0.88145954117456
13.653,-1.1444929365467325,3.147304197179264,1.8568501719602801,0.5999999996782271,0.0011963465020257413,0.88145954117456
13.673,-1.1479018535463603,3.1588096218168804,1.8744792626521738,0.6000000207527236,0.0011963465229487547,0.88145954117456
13.693,-1.1515130614298719,3.17025316558197,1.8921083533440688,0.5860757261207838,0.001225172145820519,0.9026980551726159
13.713000000000001,-1.1552380309378776,3.1813668474956613,1.9101622118646884,0.5860756828691759,0.0012251724656379137,0.9026980551726159
13.733,-1.1591630273159106,3.192411470956501,1.928216070328451,0.5860756725977839,0.001225172457367002,0.9026980551726159
13.753,-1.1632867715962039,3.203383436806185,1.9462699287921723,0.586075736407217,0.0012251725241891054,0.9026980551726159
13.773,-1.1676079187453234,3.2142791700878868,1.9643237872558932,0.5848177058918433,0.0012507844531052525,0.9215687469593938
13.793,-1.1721158831077167,3.225071676560672,1.982755057371713,0.5848176638973787,0.001250784746713196,0.9215687469593938
13.813,-1.176821990326295,3.235779266165904,2.001186327436987,0.5848177157231538,0.0012507848044432113,0.9215687469593938
13.833,-1.181724641844888,3.2463983028671373,2.0196175975022235,0.5848176873700403,0.0012507847742296851,0.9215687469593938
13.853,-1.1868221710895919,3.256925179009769,2.03804886756746,0.5848176892820234,0.00125078477607235,0.9215687469593938
13.873,-1.1921128488093677,3.2673563177529674,2.0564801376326973,0.5749747596889452,0.0012429941889436635,0.9158287153891334
13.893,-1.1975028428998562,3.2775141589602974,2.0747966077313125,0.5749747842254835,0.0012429941123618948,0.9158287153891334
13.913,-1.2030779785773187,3.287571576356765,2.093113077845306,0.5749747931215266,0.00124299412122289,0.9158287153891334
13.933,-1.2088363855516004,3.297525195482542,2.1114295479593115,0.5749747799804292,0.0012429941073241468,0.9158287153891334
13.953,-1.2147761292223553,3.3073716784394107,2.1297460180733165,0.5699766323250217,0.0012805196129690999,0.9434772209266779
13.973,-1.220842838917672,3.317022561139823,2.148615455091269,0.5699766297917233,0.0012805201278241474,0.9434772209266779
13.993,-1.2270905636656653,3.3265572570380795,2.16748489203513,0.5699766359299177,0.0012805201379856856,0.9434772209266779
14.013,-1.23351708174864,3.3359723702663087,2.186354328978937,0.5699766217164908,0.0012805201219998064,0.9434772209266779
14.033,-1.2401201033513864,3.3452645494646354,2.2052237659227436,0.5699766310029055,0.0012805201324916915,0.9434772209266779
14.053,-1.2468972769247444,3.3544304868963333,2.22409320286655,0.5656990199827704,0.0012661333469911051,0.9328771550625132
14.073,-1.2537939646876866,3.3633991625257136,2.2427506397239165,0.5656989997672235,0.0012661331263235098,0.9328771550625132
14.093,-1.260856775081113,3.3722376100248943,2.2614080766096976,0.5656990223147149,0.0012661331501575557,0.9328771550625132
14.113,-1.2680832498248118,3.380942752916912,2.2800655134955,0.5656989962673746,0.001266133121002988,0.9328771550625132
14.133,-1.2754708728608575,3.389511560883857,2.2987229503813023,0.5547151408636641,0.00127118891518474,0.9366022051551968
14.153,-1.2828709906026947,3.397776981491677,2.3174548878366177,0.5547151588467623,0.0012711890055144837,0.9366022051551968
14.173,-1.2904246277988363,3.405902342274751,2.3361868252819495,0.5547151609551016,0.0012711890082447441,0.9366022051551968
14.193,-1.298129135560587,3.413884790732672,2.354918762727273,0.5547151395967822,0.0012711889838933899,0.9366022051551968
14.213,-1.3059818088628878,3.4217215273289785,2.373650700172597,0.38439255784230575,0.0012996662899287803,0.9575840796543099
14.233,-1.311529878815168,3.4270430715442832,2.392802272668616,0.3843925774900805,0.001299666729573823,0.9575840796543099
14.253,-1.31717884021174,3.43225739265879,2.4119538451083793,0.38439258399182785,0.0012996667431317277,0.9575840796543099
14.273,-1.3229266225740093,3.4373625771252394,2.4311054175481024,0.38439257392589876,0.001299666726287868,0.9575840796543099
14.293,-1.3287711167923515,3.4423567533626884,2.450256989987825,0.16199678366133802,0.0012884607464705433,0.9493276125718294
14.313,-1.3312833875329673,3.444402421198934,2.4692434340465965,0.16199678643546805,0.0012884605978364383,0.9493276125718294
14.333,-1.3338340433122058,3.446400024145099,2.4882298781275103,0.16199679049866197,0.0012884606129691528,0.9493276125718294
14.353,-1.3364221644734078,3.4483488421353656,2.5072163222084405,0.16199679097146927,0.0012884606157783918,0.9493276125718294
14.373,-1.3390468177140762,3.4502481730928163,2.52620276628937,0.161996793263304,0.0012884606247983155,0.9493276125718294
14.393,-1.3417070573221446,3.4520973318467787,2.5451892103703,-0.09317312981867247,0.0013322793351525364,0.9816129118735918
14.413,-1.340180050202175,3.4510284893284773,2.564821356674414,-0.09317313142731386,0.001332279999816978,0.9816129118735918
14.433,-1.338632354514525,3.4499898288154953,2.5844535028919258,-0.09317312886225254,0.0013322799881249278,0.9816129118735918
14.453,-1.3370645670408483,3.4489817514622403,2.604085649109374,-0.09317312470243255,0.001332279957830175,0.9816129118735918
14.473,-1.3354772923317515,3.448004645347831,2.6237177953268223,-0.15099860845553476,0.0012954501679049851,0.9544769828668968
14.493,-1.3328659292882703,3.446487021271955,2.642807226127934,-0.150998605769871,0.0012954496211006195,0.9544769828668968
14.513,-1.3302260736736722,3.4450195204772935,2.6618966570018543,-0.1509985980702443,0.0012954495844672911,0.9544769828668968
14.533,-1.3275586870354075,3.4436026774086526,2.680986087875828,-0.15099859878279637,0.0012954495876578154,0.9544769828668968
14.553,-1.3248647412568866,3.4422370083630716,2.7000755187498013,-0.15099860575441337,0.0012954496178101196,0.9544769828668968
14.573,-1.3221452179264626,3.440923010999079,2.7191649496237744,-0.15509965212746524,0.0012861744705498293,0.9476431547014653
14.593,-1.3193262244399837,3.439627707292701,2.7381177047293446,-0.15509965943439452,0.0012861743699791456,0.9476431547014653
14.613,-1.3164831890408581,3.438386061096947,2.7570704598532396,-0.15509966181829077,0.0012861743793781064,0.9476431547014653
14.633,-1.3136171329248132,3.4371985182423037,2.776023214977149,-0.15509965556887662,0.0012861743527654082,0.9476431547014653
14.653,-1.3107290858895886,3.436065504722155,2.7949759701010572,-0.15738171194277134,0.0012990851892426478,0.9571557317828479
14.673,-1.3077772416011164,3.4349716786565243,2.814118975659896,-0.15738170581514432,0.0012990853483734188,0.9571557317828479
14.693,-1.3048050003384049,3.4339345562539463,2.833261981193226,-0.15738169898874418,0.0012990853219149168,0.9571557317828479
14.713000000000001,-1.3018134512110304,3.432954518299612,2.852404986726537,-0.15738170902238796,0.001299085363967889,0.9571557317828479
14.733,-1.298803690270905,3.4320319239798427,2.871547992259848,-0.15738169882939623,0.0012990853210217423,0.9571557317828479
14.753,-1.2957768208727252,3.431167110581718,2.8906909977931594,-0.16096631918660545,0.001285798841404888,0.9473663400626701
14.773,-1.2926644430267307,3.430342854769182,2.9096382166309462,-0.1609663265057645,0.0012857986815798528,0.9473663400626701
14.793,-1.2895370075988373,3.429577714030593,2.928585435494986,-0.160966325497561,0.0012857986769954574,0.9473663400626701
14.813,-1.2863956370144232,3.428871963740911,2.9475326543590445,-0.16096631628461724,0.0012857986396543168,0.9473663400626701
14.833,-1.2832414592357306,3.428225856493081,2.9664798732231032,-0.17202818888211058,0.0013225093505719182,0.9744144937436758
14.853,-1.2798578669911345,3.4276003552396426,2.9859680520103136,-0.17202818827370994,0.0013225098898097462,0.9744144937436758
14.873,-1.2764627275234501,3.4270409090571747,3.0054562307249784,-0.17202819343236458,0.0013225099129243849,0.9744144937436758
14.893,-1.2730573308420374,3.426547729711573,3.02494440943959,-0.17202818999830524,0.0013225098993599957,0.9744144937436758
14.913,-1.2696429703138834,3.426121004531303,3.0444325881542014,-0.1720281837941185,0.0013225098762797566,0.9744144937436758
14.933,-1.2662209425728423,3.425760896360708,3.0639207668688133,-0.17451899185629716,0.001284742605218686,0.9465878394495776
14.953,-1.2627428367154538,3.4254644297406505,3.082852415738503,-0.17451898144544287,0.0012847420265716478,0.9465878394495776
14.973,-1.259259742534764,3.42523385859122,3.1017840646828385,-0.17451898162767748,0.0012847420234330838,0.9465878394495776
14.993,-1.2557729076927235,3.425069265461262,3.1207157136272285,-0.17451898431572996,0.0012847420331874339,0.9465878394495776
15.013,-1.252283581827505,3.4249707093357835,3.1396473625716186,-0.17907714749998582,0.001267800630907645,0.934105563988856
15.033,-1.248701857832876,3.424938386954393,-3.1248559397229703,-0.17907714698787108,0.0012678003952668211,0.934105563988856
15.053,-1.2451201553075424,3.424972980346922,-3.1061739348045094,-0.1790771582610345,0.0012678004335532024,0.934105563988856
15.073,-1.241539723927182,3.4250744771888195,-3.087491929886024,-0.17907716298254445,0.0012678004502317698,0.934105563988856
15.093,-1.237961813351137,3.425242842050779,-3.068809924967539,-0.17907716350831207,0.0012678004520900628,0.934105563988856
15.113,-1.2343876723381122,3.4254780161855582,-3.0501279200490536,-0.20000000760005002,0.0013004781316064869,0.9581822317310299
15.133,-1.2304017690289646,3.42581748860481,-3.030964384574446,-0.2000000051266085,0.0013004785899265875,0.9581822317310299
15.153,-1.2264231022562961,3.426233278321423,-3.0118008491643886,-0.19999999060385196,0.0013004785462575122,0.9581822317310299
15.173,-1.222453133721994,3.426725232657702,-2.9926373137543782,-0.19999999324185502,0.0013004785541520548,0.9581822317310299
15.193,-1.2184933210168767,3.427293169979483,-2.973473778344368,-0.20000000527720277,0.001300478593530198,0.9581822317310299
15.213,-1.2145451183332616,3.4279368826381704,-2.9543102429343575,-0.20000000101157905,0.0012524465265678006,0.9227925985321898
15.233,-1.210610171624875,3.428657074681605,-2.9358544960777047,-0.2000000006293045,0.001252445869597399,0.9227925985321898
15.253,-1.2066891866838716,3.429449762253561,-2.91739874912617,-0.19999999708559008,0.0012524458539950808,0.9227925985321898
15.273,-1.20278349834468,3.430314675410711,-2.8989430021745655,-0.2000000021872157,0.0012524458698864732,0.9227925985321898
15.293,-1.1988944368059267,3.431251519543444,-2.8804872552229606,-0.20000000870545612,0.001300895479167806,0.9584898866456505
15.313,-1.1950230596989209,3.432259044209703,-2.8613175666555484,-0.19999999887998496,0.0013008961338621602,0.9584898866456505
15.333,-1.191171705895573,3.4333405919289266,-2.842147878183823,-0.20000000590863978,0.0013008961619883838,0.9584898866456505
15.353,-1.1873417914561952,3.4344957661851954,-2.8229781897121677,-0.199999998677365,0.0013008961379572734,0.9584898866456505
15.373,-1.1835347235785367,3.4357241414477353,-2.8038085012405127,-0.19999999461383422,0.001300896125295825,0.9584898866456505
15.393,-1.1797519015235474,3.4370252673341355,-2.7846388127688577,-0.19999999766404514,0.0012554217166610565,0.9249846986095092
15.413,-1.1759950480883845,3.4383995110069203,-2.7661392241655363,-0.20000000394018652,0.0012554211132185106,0.9249846986095092
15.433,-1.1722642595841204,3.4398430156605824,-2.747639635472383,-0.20000000585995245,0.0012554211151133698,0.9249846986095092
15.453,-1.168560812226353,3.4413552875707065,-2.7291400467791638,-0.2000000019928699,0.00125542110307518,0.9249846986095092
15.473,-1.1648859734775665,3.4429358091678908,-2.7106404580859444,-0.199999996366789,0.0012377083281910756,0.9119340739586568
15.493,-1.1612411545679253,3.4445843586356983,-2.6924018803743266,-0.20000000151785374,0.0012377081106853538,0.9119340739586568
15.513,-1.157627007556497,3.4462991064275372,-2.6741633026277425,-0.20000000166493265,0.0012377081093414982,0.9119340739586568
15.533,-1.1540447343784836,3.448079482087582,-2.655924724881132,-0.20000000394955122,0.0012377081162183862,0.9119340739586568
15.553,-1.150495526610728,3.449924893429637,-2.6376861471345223,-0.19999999340513547,0.0012377080834944515,0.9119340739586568
15.573,-1.1469805649971703,3.4518347266197833,-2.619447569387913,-0.2000000057947835,0.0013466117985039272,0.9921734862908113
15.593,-1.143499898400226,3.4538064797022723,-2.5996042127297097,-0.19999999794583695,0.0013466133903669297,0.9921734862908113
15.613,-1.1400590392703294,3.455846908817136,-2.579760856286631,-0.20000000240612983,0.0013466134165406873,0.9921734862908113
15.633,-1.1366593438359889,3.457955210010664,-2.5599174998437095,-0.2000000070669722,0.0013466134321344497,0.9921734862908113
15.653,-1.1333021506045484,3.460130552961529,-2.5400741434007874,-0.2000000089691482,0.0012922235444535884,0.9520994687480382
15.673,-1.129989413741314,3.4623729664054927,-2.521032262633794,-0.1999999923602922,0.001292222698535378,0.9520994687480382
15.693,-1.1267199753102415,3.464678049481512,-2.5019903817592626,-0.20000000072950358,0.0012922227206488973,0.9520994687480382
15.713000000000001,-1.123495020292114,3.4670449676010593,-2.4829485008846515,-0.19999999743726607,0.001292222709600277,0.9520994687480382
15.733,-1.1203157175909684,3.4694728618189767,-2.4639066200100403,-0.19999999626030238,0.0012922227064053188,0.9520994687480382
15.753,-1.1171832205208683,3.4719608525736767,-2.444864739135429,-0.1999999907364685,0.001259139062614656,0.9277237150424799
15.773,-1.114099097845645,3.4745085365120283,-2.4263103705038356,-0.2000000023701125,0.0012591386458433024,0.9277237150424799
15.793,-1.1110627745798467,3.4771130027107033,-2.4077560018068924,-0.20000000396927597,0.0012591386469796712,0.9277237150424799
15.813,-1.1080752948642907,3.479773353857615,-2.3892016331099017,-0.2000000011008047,0.0012591386381472086,0.9277237150424799
15.833,-1.1051376878543895,3.4824886748507393,-2.3706472644129106,-0.20000000763982861,0.001256748967021895,0.925963008167631
15.853,-1.1022509988503992,3.4852580648437654,-2.35212810964928,-0.200000011119757,0.00125674894573094,0.925963008167631
15.873,-1.0994160887009425,3.4880804359717423,-2.33360895488093,-0.19999999661340784,0.0012567488998230514,0.925963008167631
15.893,-1.0966339296273349,3.4909548200916825,-2.315089800112576,-0.19999999856482964,0.0012567489061349468,0.925963008167631
15.913,-1.0939054758678015,3.4938802317573003,-2.296570645344223,-0.2000000019435412,0.0012567489166612211,0.925963008167631
15.933,-1.0912316629338086,3.496855667523344,-2.27805149057587,-0.20000000053415823,0.0007536981368679446,0.5553190366448495
15.953,-1.0886211476584613,3.4998865343579206,-2.2669451731890313,-0.20000000391933376,0.0007536948884045436,0.5553190366448495
15.973,-1.086044458363744,3.502946202595516,-2.255838854812274,-0.20000000598774226,0.000753694869837146,0.5553190366448495
15.993,-1.0835019086627133,3.506034298823859,-2.244732536434773,-0.20000000819870217,0.0007536948737533467,0.5553190366448495
16.013,-1.080993812304407,3.5091504422948505,-2.23362621805727,-0.1618177796095689,-0.00028242839466462166,-0.20809199351626084
16.033,-1.0790067637512697,3.511704999397495,-2.2377880367360223,-0.1618177793942222,-0.00028242780593326633,-0.20809199351626084
16.053,-1.0770091033843339,3.514251263097165,-2.241949853387694,-0.16181778156694826,-0.0002824278037971556,-0.20809199351626084
16.073,-1.0750008631773655,3.5167891908062274,-2.2461116700379793,-0.16181778893075827,-0.00028242781018882057,-0.20809199351626084
16.093,-1.0729820779566686,3.5193187386894604,-2.2502734866882634,-0.161817789363706,-0.000282427810564187,-0.20809199351626084
16.113,-1.0709527827540406,3.5218398628969556,-2.254435303338547,-0.1592569412978883,-0.0012900991251211247,-0.9505413207926791
16.133,-1.0689608428809392,3.52432571368782,-2.2734460234134763,-0.15925694873291346,-0.0012901078869514693,-0.9505413207926791
16.153,-1.0669220028790432,3.5267732570999337,-2.2924567415027566,-0.15925693914553263,-0.0012901079073398825,-0.9505413207926791
16.173,-1.0648370048662612,3.529181601010583,-2.311467459591186,-0.1592569427603229,-0.0012901079226887852,-0.9505413207926791
16.193,-1.0627066019066977,3.5315498747628706,-2.3304781776796175,-0.15785796567830068,-0.0012896250110809304,-0.9501854987600662
16.213,-1.0605508263000174,3.5338569288572423,-2.3494817793687752,-0.1578579587341584,-0.001289624975815043,-0.9501854987600662
16.233,-1.0583516003188453,3.536122601309568,-2.3684853810588957,-0.1578579663316086,-0.0012896250070927734,-0.9501854987600662
16.253,-1.056109717914462,3.538346073894814,-2.3874889827490167,-0.1578579694601997,-0.00128962502000729,-0.9501854987600662
16.273,-1.0538259887883292,3.5405265436896816,-2.406492584439137,-0.15785795772218938,-0.0012896249711167873,-0.9501854987600662
16.293,-1.0515012382018198,3.542663223645075,-2.425496186129257,-0.15654750681369908,-0.0012974287883869146,-0.9559353040313855
16.313,-1.0491561768883035,3.5447382567059966,-2.444614783255928,-0.15654751451289034,-0.0012974289332789019,-0.9559353040313855
16.333,-1.0467718742740388,3.5467680786206706,-2.4637333803670356,-0.156547507197952,-0.0012974289032552655,-0.9559353040313855
16.353,-1.0443492026513956,3.5487519480026246,-2.48285197747814,-0.1565475173378372,-0.0012974289451799098,-0.9559353040313855
16.373,-1.041889047250591,3.5506891396700238,-2.5019705745892438,-0.15461692288843554,-0.001294493165555799,-0.9537722648677279
16.393,-1.0394232523067757,3.5525558506976194,-2.5210459111687626,-0.15461691873312766,-0.0012944931064269305,-0.9537722648677279
16.413,-1.0369222999377372,3.554375188896041,-2.5401212477541355,-0.15461692810493166,-0.0012944931455989989,-0.9537722648677279
16.433,-1.0343871000284117,3.556146492434857,-2.559196584339511,-0.15461691817233597,-0.0012944931031277918,-0.9537722648677279
16.453,-1.0318185755466116,3.5578691172320878,-2.5782719209248866,-0.15461691667543026,-0.0012944930969958773,-0.9537722648677279
16.473,-1.0292176606695178,3.559542436063985,-2.5973472575102625,-0.15156519070311347,-0.0012916959216902474,-0.9517113241681989
16.493,-1.0266374897904107,3.561134189642447,-2.616381375521387,-0.15156519092993706,-0.0012916958832026176,-0.9517113241681989
16.513,-1.0240274904036444,3.562676546337777,-2.635415493538089,-0.1515652004811332,-0.0012916959237605774,-0.9517113241681989
16.533,-1.0213886080553345,3.5641689475913996,-2.6544496115547926,-0.1515651934912971,-0.0012916958939666531,-0.9517113241681989
16.553,-1.0187217989601598,3.565610852711794,-2.6734837295714966,-0.1451400141846543,-0.001297625685053802,-0.9560803203767918
16.573,-1.016142760353996,3.566943865246726,-2.6926052270040683,-0.14514000274907182,-0.0012976257184554862,-0.9560803203767918
16.593,-1.0135387057295757,3.5682273222660514,-2.711726724424814,-0.1451400117578305,-0.0012976257587561449,-0.9560803203767918
16.613,-1.010910587062817,3.5694607545562933,-2.7308482218455565,-0.14514000714912395,-0.0012976257390461335,-0.9560803203767918
16.633,-1.0082593650711205,3.5706437104357995,-2.749969719266299,-0.1451400117570724,-0.0012976257591751916,-0.9560803203767918
16.653,-1.0055860092887206,3.5717757580480805,-2.769091216687042,-0.14282244093410432,-0.0012964610836111307,-0.9552222052401578
16.673000000000002,-1.002934661708694,3.5728395921964267,-2.7881955519049115,-0.14282243577757175,-0.0012964610441915658,-0.9552222052401578
16.693,-1.0002634752878419,3.573852582713327,-2.8072998871251045,-0.14282244473340486,-0.001296461084370898,-0.9552222052401578
16.713,-0.9975734249505261,3.5748143604321583,-2.8264042223452974,-0.1428224390420808,-0.001296461059194745,-0.9552222052401578
16.733,-0.9948654924473759,3.5757245738261885,-2.845508557565491,-0.14282244145848197,-0.0012964610697163217,-0.9552222052401578
16.753,-0.9921406661707942,3.5765828912327486,-2.864612892785684,-0.1412540547347771,-0.0012936999573860061,-0.9531878525534068
16.773,-0.9894300986248211,3.5773803684838112,-2.883676541188836,-0.14125405378326714,-0.0012936999138242825,-0.9531878525534068
16.793,-0.9867048217099658,3.5781260304944933,-2.9027401895974947,-0.1412540589887737,-0.0012936999377635497,-0.9531878525534068
16.813,-0.9839658257233096,3.578819606279719,-2.9218038380061544,-0.14125406386172612,-0.0012936999604451181,-0.9531878525534068
16.833,-0.9812141060574515,3.5794608437833695,-2.9408674864148145,-0.13899813175615708,-0.0013029194876497847,-0.9599807563019164
16.853,-0.9784949090259935,3.580040696209819,-2.9600669921078446,-0.13899813995500285,-0.0013029196599468641,-0.9599807563019164
16.873,-0.9757650806892199,3.580568237487068,-2.9792664977824863,-0.13899813786996124,-0.001302919650252362,-0.9599807563019164
16.893,-0.9730256276464749,3.581043273773333,-2.998466003457123,-0.13899813998405106,-0.001302919660838505,-0.9599807563019164
16.913,-0.9702775595307934,3.5814656292964453,-3.0176655091317595,-0.13899812723298632,-0.001302919601659444,-0.9599807563019164
16.933,-0.9675218894708003,3.5818351483904793,-3.036865014806396,-0.13782530787476144,-0.00129766836452843,-0.9561116568936959
16.953,-0.9647829520907907,3.5821491388087012,-3.0559871389432676,-0.13782530065694817,-0.001297668254864848,-0.9561116568936959
16.973,-0.9620385118015433,3.5824107006967743,-3.075109263090613,-0.13782531035518628,-0.0012976683000252374,-0.9561116568936959
16.993,-0.9592895718459555,3.582619738431571,-3.0942313872379623,-0.13782530280329341,-0.0012976682644509794,-0.9561116568936959
17.013,-0.9565371375316858,3.582776175586525,-3.1133535113853115,-0.13507057648401094,-0.001299083824341608,-0.9571546212749428
17.033,-0.9538372880600545,3.582878427649596,-3.1324964946988976,-0.13507057633620012,-0.0012990838447811354,-0.9571546212749428
17.053,-0.9511359759441605,3.5829289806352764,3.1315458291699256,-0.13507057128231728,-0.0012990838202828103,-0.9571546212749428
17.073,-0.948434191139987,3.582927816489252,3.112402845859163,-0.13507057454201363,-0.0012990838352282853,-0.9571546212749428
17.093,-0.9457329236039368,3.5828749358091465,3.093259862548401,-0.13507056762194783,-0.0012990838027203428,-0.9571546212749428
17.113,-0.943033163313423,3.5827703573273584,3.0741168792376383,-0.12827987371749117,-0.0012972839328434863,-0.9558284858951526
17.133,-0.9404714074028006,3.582623241331115,3.0550004184801303,-0.12827988645361482,-0.001297283972464456,-0.9558284858951526
17.153,-0.9379129316621834,3.582427183047123,3.0358839577190317,-0.12827987799919355,-0.00129728392916398,-0.9558284858951526
17.173,-0.9353586711726295,3.5821822547177264,3.016767496957933,-0.1282798789630477,-0.0012972839336903574,-0.9558284858951526
17.193,-0.9328095592340587,3.581888545826754,2.9976510361968334,-0.12827988170497198,-0.0012972839471703142,-0.9558284858951526
17.213,-0.9302665273384223,3.5815461637150863,2.978534575435734,-0.0802065347780397,-0.0012981016203809231,-0.9564309282757861
17.233,-0.9286792154608279,3.58131133026467,2.959406065897134,-0.0802065292844602,-0.001298101585744501,-0.9564309282757861
17.253,-0.927096685703234,3.5810461790187205,2.940277556360164,-0.08020653034991176,-0.0012981015950862783,-0.9564309282757861
17.273,-0.9255195171075957,3.5807508065932048,2.9211490468231953,-0.08020652767168145,-0.0012981015739252366,-0.9564309282757861
17.293,-0.9239482867783515,3.580425321089186,2.902020537286226,-0.07477463260309564,-0.0013093210021077745,-0.9646972690662245
17.313,-0.9224890475556027,3.5800958369417972,2.882726701896061,-0.07477462843815054,-0.0013093211288387994,-0.9646972690662245
17.333,-0.9210364364054225,3.5797382615784104,2.8634328665282753,-0.07477463312049103,-0.001309321170282124,-0.9646972690662245
17.353,-0.9195909941182812,3.579352728136936,2.8441390311604966,-0.07477462945150781,-0.001309321137554862,-0.9646972690662245
17.373,-0.9181532588267506,3.5789393801433445,2.8248451957927174,-0.07477462571114615,-0.0013093211044656085,-0.9646972690662245
17.393,-0.916723765722269,3.578498371429334,2.8055513604249382,-0.04613504687672317,-0.0013054578698456568,-0.9618508516560375
17.413,-0.9158438277068564,3.5782186728282412,2.786314453073776,-0.04613504857386674,-0.0013054578355427768,-0.9618508516560375
17.433,-0.9149694327125579,3.5779220998378656,2.7670775457149057,-0.046135049886809616,-0.0013054578559840938,-0.9618508516560375
17.453,-0.9141009043250661,3.5776087619924692,2.7478406383560334,-0.046135049049149876,-0.0013054578420210235,-0.9618508516560375
17.473,-0.9132385638838707,3.5772787754533573,2.728603730997161,-0.0708836176040927,-0.0013206550161517262,-0.9730479988820818
17.493,-0.9119292465444774,3.5767338822910326,2.7091428819989085,-0.07088361566639662,-0.0013206552239935082,-0.9730479988820818
17.513,-0.9106307803823483,3.5761636133413615,2.689682033030978,-0.07088361397556776,-0.0013206552107918774,-0.9730479988820818
17.533,-0.909343657373855,3.575568184618837,2.6702211840630556,-0.0708836124562208,-0.0013206551977443318,-0.9730479988820818
17.553,-0.9080683649769876,3.574947821613236,2.6507603350951334,-0.07088361626262193,-0.0013206552305952482,-0.9730479988820818
17.573,-0.9068053859207641,3.5743027596195813,2.631299486127212,-0.05471183734758344,-0.001313465645320696,-0.9677508148915194
17.593,-0.9058375015698239,3.5737910950452294,2.61194458022141,-0.05471183938058711,-0.0013134655623735468,-0.9677508148915194
17.613,-0.9048797011499068,3.573260794266144,2.5925896743012613,-0.054711844383245285,-0.001313465623884666,-0.9677508148915194
17.633,-0.9039323434429548,3.5727120556766088,2.5732347683811083,-0.05471184142719833,-0.0013134655864882813,-0.9677508148915194
17.653,-0.9029957832521044,3.5721450851198386,2.5538798624609558,-0.04255152801631962,-0.0013074755764058317,-0.9633374456670669
17.673000000000002,-0.9022728386077538,3.5716948443531087,2.5346132234110055,-0.04255152669129752,-0.0013074754724662074,-0.9633374456670669
17.693,-0.9015587024161203,3.57123075920451,2.515346584349104,-0.042551530855995154,-0.0013074755350072527,-0.9633374456670669
17.713,-0.900853639519459,3.5707530020403637,2.4960799452871987,-0.04255152996071552,-0.0013074755212676946,-0.9633374456670669
17.733,-0.9001579116926505,3.570261750198772,2.4768133062252944,-0.04255152983047557,-0.0013074755184861973,-0.9633374456670669
17.753,-0.8994717771575064,3.569757186051023,2.4575466671633888,-0.029552532748818798,-0.0013012646606766314,-0.9587613312549045
17.773,-0.898997061098408,3.569403692236143,2.438371549856806,-0.02955253282689927,-0.0013012645715670037,-0.9587613312549045
17.793,-0.8985292102465412,3.569041161292815,2.4191964325378326,-0.02955253250956326,-0.0013012645680404184,-0.9587613312549045
17.813,-0.8980683966074147,3.5686697263890137,2.400021315218855,-0.02955253154681612,-0.0013012645457636408,-0.9587613312549045
17.833,-0.8976147895467309,3.5682895241777493,2.3808461978998787,-0.029552531289625025,-0.0013012645375962834,-0.9587613312549045
17.853,-0.8971685558180825,3.567900694466092,2.361671080580902,-0.019631234304988556,-0.001299024412039636,-0.9571107955307363
17.873,-0.8968709663130918,3.567642886663251,2.342528973784273,-0.019631233884932774,-0.001299024355375624,-0.9571107955307363
17.893,-0.8965783659735137,3.5673794300432435,2.3233868669831756,-0.01963123444889773,-0.0012990243757335339,-0.9571107955307363
17.913,-0.8962908620551363,3.567110421028414,2.3042447601820775,-0.019631233380134602,-0.0012990243444709823,-0.9571107955307363
17.933,-0.8960085599277547,3.566835958184573,2.2851026533809797,-0.09083576396875606,-0.0013189875080187874,-0.9718194831102217
17.953,-0.8947983441688935,3.5654804293557647,2.2656663745420333,-0.09083576834392144,-0.0013189878325851542,-0.9718194831102217
17.973,-0.8936147012933736,3.5641016358998123,2.2462300957429147,-0.09083576256793016,-0.0013189877936183036,-0.9718194831102217
17.993,-0.8924580790838798,3.562700098633706,2.2267938169438075,-0.09083576277013977,-0.0013189877958698082,-0.9718194831102217
18.013,-0.8913289144027491,3.5612763469804154,2.2073575381447,-0.09083576373305023,-0.0013189878010028758,-0.9718194831102217
18.033,-0.8902276334006791,3.559830919069333,2.1879212593455915,-0.07164112328739397,-0.0013062920257592633,-0.9624653031078145
18.053,-0.8893770183361849,3.558677299675883,2.1686720630562557,-0.0716411172730457,-0.0013062917853098946,-0.9624653031078145
18.073,-0.8885487659238949,3.557507521530287,2.149422866741588,-0.07164111635080013,-0.0013062917753746683,-0.9624653031078145
18.093,-0.8877431828328899,3.5563220179147503,2.1301736704269127,-0.071641115858338,-0.0013062917710462904,-0.9624653031078145
18.113,-0.8869605675869411,3.5551212280492455,2.1109244741122377,-0.05519341478442603,-0.0013105595203611528,-0.965609735336932
18.133,-0.8863702993833831,3.5541877644599635,2.0916123895193226,-0.05519341247883212,-0.0013105595565432518,-0.965609735336932
18.153,-0.8857981672928129,3.5532430762653275,2.072300304934922,-0.055193412350630425,-0.001310559556731282,-0.965609735336932
18.173,-0.8852443847330603,3.5522875158086205,2.0529882203505236,-0.05519341638564751,-0.00131055960198051,-0.965609735336932
18.193,-0.88470915797096,3.5513214395605446,2.033676135766125,-0.055193412455912805,-0.0013105595557826553,-0.965609735336932
18.213,-0.8841926868468964,3.550345207777445,2.014364051181727,-0.05859616701045474,-0.0013033572347665376,-0.9603030775552901
18.233,-0.8836660884108375,3.54929765598565,1.9951580991348004,-0.058596166639843295,-0.0013033571255102808,-0.9603030775552901
18.253,-0.8831597051199871,3.5482401842983635,1.9759521470735046,-0.05859616297791245,-0.0013033570835982375,-0.9603030775552901
18.273,-0.8826737237028558,3.547173182713428,1.9567461950122045,-0.05859616231666484,-0.0013033570757312353,-0.9603030775552901
18.293,-0.8822083234007695,3.5460970447741187,1.9375402429509059,-0.058596161569432655,-0.0013033570673335014,-0.9603030775552901
18.313,-0.8817636759109931,3.5450121674086494,1.9183342908896066,-0.05249902413730533,-0.001301828145989805,-0.9591765690221908
18.333,-0.8813815060367222,3.544033593157368,1.8991508688678027,-0.05249902550879352,-0.0013018281404387246,-0.9591765690221908
18.353,-0.8810181777121078,3.54304786810046,1.8799674468429493,-0.05249902702049986,-0.0013018281586448625,-0.9591765690221908
18.373,-0.8806738246301987,3.542055354953786,1.8607840248180947,-0.052499023460345434,-0.0013018281138562626,-0.9591765690221908
18.393,-0.8803485735087736,3.5410564190070564,1.8416006027932406,-0.04815421344860835,-0.001300495561177133,-0.9581947301391012
18.413,-0.8800658151680398,3.5401351505476497,1.822436817431743,-0.04815421351844496,-0.0013004955438613592,-0.9581947301391012
18.433,-0.8798007627177973,3.53920863286649,1.8032730320675867,-0.048154211991052936,-0.0013004955220312815,-0.9581947301391012
18.453,-0.8795535133820898,3.5382772062442,1.78410924670343,-0.04815421048437406,-0.0013004955028016862,-0.9581947301391012
18.473,-0.879324158076459,3.537341212707963,1.7649454613392737,-0.048154215101641,-0.0013004955642628834,-0.9581947301391012
18.493,-0.8791127809097694,3.5364009959564986,1.7457816759751168,-0.027636522849507742,-0.0012979008316814419,-0.956282957073405
18.513,-0.8789909508935461,3.5358609805611465,1.7266561258497506,-0.027636522136427942,-0.0012979007781321788,-0.956282957073405
18.533,-0.8788794706418065,3.535318734046854,1.707530575719209,-0.02763652343764065,-0.0012979008058204206,-0.956282957073405
18.553,-0.8787783808606192,3.5347744547065796,1.6884050255886658,-0.027636521666203447,-0.0012979007653261833,-0.956282957073405
18.573,-0.8786877185966281,3.534228341643295,1.6692794754581224,-0.0828589330456147,-0.001296070874122951,-0.9549347180122271
18.593,-0.8784989597021806,3.5325814950704544,1.6501808899519068,-0.08285893105235682,-0.0012960708316041465,-0.9549347180122271
18.613,-0.8783416856601585,3.5309313440845247,1.631082304442042,-0.08285893851880487,-0.0012960708903665945,-0.9549347180122271
18.633,-0.87821595401932,3.5292784904310825,1.6119837189321766,-0.08285894022853618,-0.001296070903077545,-0.9549347180122271
18.653,-0.8781218104479228,3.5276235370502795,1.5928851334223104,-0.0828589331760323,-0.0012960708484535898,-0.9549347180122271
18.673000000000002,-0.8780592894816441,3.525967087655518,1.573786547912445,-0.023563554183367745,-0.0013281025728266482,-0.9785354245115949
18.693,-0.8780313194712105,3.5254956386791436,1.5542159510232303,-0.02356355431848424,-0.0013281030540095132,-0.9785354245115949
18.713,-0.8780125807310727,3.525023732143504,1.5346453541979228,-0.02356355370353879,-0.0013281030396985925,-0.9785354245115949
18.733,-0.8780030804790894,3.5245515492749258,1.5150747573726338,-0.023563554221305582,-0.0013281030539467734,-0.9785354245115949
18.753,-0.8780028223526736,3.5240792709093727,1.4955041605473447,0.10302814601668135,-0.001313950087492661,-0.9681076458943279
18.773,-0.8778216409788194,3.5261317655378814,1.4761421180779515,0.10302814647945467,-0.0013139498814138447,-0.9681076458943279
18.793,-0.8776007557034771,3.528180367863127,1.4567800755803122,0.10302815232345679,-0.0013139499168348442,-0.9681076458943279
18.813,-0.8773402490778622,3.5302243097261417,1.4374180330826645,0.10302815321973546,-0.0013139499220927858,-0.9681076458943279
18.833,-0.8770402187550972,3.5322628248442234,1.4180559905850183,0.10302814474023887,-0.0013139498685875977,-0.9681076458943279
18.853,-0.8767007774695654,3.53429514896745,1.3986939480873708,0.21504694718714523,-0.001296904078454876,-0.9555484586477064
18.873,-0.8759387134094485,3.5385278636881696,1.3795830878718895,0.21504696038319604,-0.0012969038721762152,-0.9555484586477064
18.893,-0.8750959028342518,3.5427452431119435,1.3604722276224042,0.21504694819815057,-0.0012969038334809807,-0.9555484586477064
18.913,-0.8741726530630536,3.5469457463799112,1.3413613673729075,0.21504695631444,-0.0012969038581986184,-0.9555484586477064
18.933,-0.8731693017969214,3.5511278397279615,1.3222505071234119,0.21504696888422575,-0.001296903895891495,-0.9555484586477064
18.953,-0.8720862149586736,3.5552899957225197,1.3031396468739158,0.39378150638591747,-0.0013015141234029443,-0.958945238221906
18.973,-0.8699782937044798,3.562878076009275,1.2839608514283096,0.393781512979923,-0.00130151420067956,-0.958945238221906
18.993,-0.8677252382009739,3.5704243356999137,1.2647820559918994,0.39378148223791676,-0.0013015141504185423,-0.958945238221906
19.013,-0.8653278781454629,3.5779259991372494,1.2456032605554912,0.3937814910736476,-0.0013015141648667627,-0.958945238221906
19.033,-0.8627870943596555,3.5853803072019335,1.2264244651190839,0.5384554907071323,-0.0013072761247306663,-0.9631906022037524
19.053,-0.8591268598036871,3.595508074490969,1.207160762897444,0.5384554652248393,-0.0013072761776359298,-0.9631906022037524
19.073,-0.8552722180103675,3.605563456958354,1.1878970606872976,0.5384555056625543,-0.001307276227419607,-0.9631906022037524
19.093,-0.8512246000961716,3.615542724357125,1.1686333584771558,0.5384555116700873,-0.001307276234667587,-0.9631906022037524
19.113,-0.8469855070957438,3.6254421728484147,1.1493696562670128,0.53845546581398,-0.0013072761788882337,-0.9631906022037524
19.133,-0.8425565118623433,3.6352581282916936,1.1301059540568703,0.5521392257363765,-0.0012882131761729476,-0.94914512798181
19.153,-0.8378228612378641,3.6452346458076557,1.111123159696562,0.5521392362929431,-0.001288212916434217,-0.94914512798181
19.173,-0.8329006925525378,3.6551195137397783,1.0921403652982307,0.5521392153747636,-0.001288212890040552,-0.94914512798181
19.193,-0.8277917788237428,3.664909169227118,1.0731575708998886,0.5521392074335117,-0.0012882128808012483,-0.94914512798181
19.213,-0.8224979620003516,3.674600085372063,1.0541747765015463,0.5528494225532279,-0.001273716688367843,-0.9384644374186457
19.233,-0.817014382833665,3.684201268400964,1.0354055946735392,0.5528494504262252,-0.00127371651867908,-0.9384644374186457
19.253,-0.8113515742598064,3.693697844939781,1.0166364128166328,0.5528494474748152,-0.0012737165137585993,-0.9384644374186457
19.273,-0.8055115297540736,3.7030864681870086,0.9978672309597176,0.5528494156586242,-0.0012737164771320364,-0.9384644374186457
19.293,-0.7994963078603207,3.712363831219357,0.979098049102803,0.5691046916521039,-0.0012971467240316947,-0.9557276444054722
19.313,-0.793126308577832,3.721796233250006,0.9599836051127629,0.5691046923817015,-0.0012971470583724165,-0.9557276444054722
19.333,-0.7865771889415485,3.7311051603196757,0.9408691611694351,0.5691047265867736,-0.0012971470996140932,-0.9557276444054722
19.353,-0.7798513411616601,3.7402872118648687,0.9217547172261217,0.5691047208165814,-0.0012971470931188445,-0.9557276444054722
19.373,-0.7729512233155917,3.749339033301516,0.9026402732828075,0.5691047068784816,-0.0012971470771928617,-0.9557276444054722
19.393,-0.7658793557877563,3.7582573169993396,0.8835258293394944,0.5745241646862137,-0.001282967045338812,-0.9452799160212112
19.413,-0.7585697731083872,3.767122771709235,0.8646203387489022,0.574524184484345,-0.0012829668670449323,-0.9452799160212112
19.433,-0.7510939003684991,3.7758484592085826,0.8457148481300341,0.5745241818284745,-0.001282966862729884,-0.9452799160212112
19.453,-0.743454410185114,3.7844312608907114,0.8268093575111574,0.5745241602890357,-0.0012829668387052129,-0.9452799160212112
19.473,-0.735654033157398,3.7928681091319207,0.8079038668922809,0.5684456736398606,-0.0012753238609465867,-0.9396486187518284
19.493,-0.727779671878313,3.8010682203939594,0.7891110015646428,0.5684456716721495,-0.0012753237523177585,-0.9396486187518284
19.513,-0.719752606585396,3.8091189107466765,0.7703181362217684,0.5684456810501872,-0.001275323762131908,-0.9396486187518284
19.533,-0.7115756721516833,3.8170173370319307,0.7515252708788889,0.5684456610507393,-0.001275323739633183,-0.9396486187518284
19.553,-0.7032517561147835,3.8247607091521383,0.7327324055360097,0.5684456610192078,-0.0012753237396744277,-0.9396486187518284
19.573,-0.6947837987440145,3.832346293369953,0.7139395401931306,0.5770244810605617,-0.001252500974159243,-0.9228329517792968
19.593,-0.6860454074864701,3.839884111051431,0.6954829862392792,0.5770244250170453,-0.0012525006048798026,-0.9228329517792968
19.613,-0.6771693903750045,3.847259373225867,0.6770264322399487,0.5770244379641188,-0.0012525006168173647,-0.9228329517792968
19.633,-0.6681587707185016,3.8544695679770964,0.6585698782406035,0.5770244845363666,-0.0012525006673438366,-0.9228329517792968
19.653,-0.6590166175611275,3.8615122394405166,0.6401133242412587,0.5770244383857206,-0.0012525006172822706,-0.9228329517792968
19.673000000000002,-0.6497460459078697,3.8683849882544212,0.6216567702419146,0.5778835314617172,-0.0012441665422238124,-0.916692469260174
19.693,-0.6403363405383699,3.8750956172347446,0.6033230251818119,0.5778835490690856,-0.0012441664506456784,-0.916692469260174
19.713,-0.6308051920906054,3.8816326129181395,0.5849892801051102,0.5778835615916318,-0.0012441664633924265,-0.916692469260174
19.733,-0.6211558045464258,3.8879937783953524,0.5666555350284028,0.5778835557974688,-0.0012441664570788102,-0.916692469260174
19.753,-0.6113914209366011,3.894176974785754,0.5483217899516956,0.5770227954846165,-0.001237131459524754,-0.9115091195710672
19.773,-0.6015300864668803,3.9001712721945028,0.530091711268925,0.5770227580803557,-0.001237131327200991,-0.9115091195710672
19.793,-0.5915611201579617,3.905984810134242,0.5118616325721452,0.5770227776225648,-0.0012371313475274537,-0.9115091195710672
19.813,-0.581487834812377,3.911615657274392,0.49363155387536106,0.5770227887805743,-0.0012371313594894962,-0.9115091195710672
19.833,-0.571313578103045,3.917061942261064,0.4754014751785766,0.5770227881559591,-0.0012371313588180888,-0.9115091195710672
19.853,-0.5610417312756759,3.922321855031702,0.45717139648179234,0.5898616684913025,-0.0012331847539159835,-0.9086013187265611
19.873,-0.5504453336698542,3.9275070642361634,0.4389994734655699,0.589861651708006,-0.0012331846850423822,-0.9086013187265611
19.893,-0.539756465602383,3.932498870874842,0.4208275504414896,0.5898616845132725,-0.0012331847189617773,-0.9086013187265611
19.913,-0.5289786562094239,3.937295626708169,0.4026556274174066,0.5898616996402246,-0.0012331847347754887,-0.9086013187265611
19.933,-0.5181154646808628,3.941895747925871,0.38448370439332363,0.583879468368135,-0.0012268238269116105,-0.9039146428433971
19.953,-0.5072814336380704,3.946252957766533,0.3664055143450928,0.5838794732881718,-0.0012268237501596446,-0.9039146428433971
19.973,-0.49637040670721855,3.9504136068498306,0.34832732428419844,0.5838794111847412,-0.0012268236843888392,-0.9039146428433971
19.993,-0.4853859504905266,3.9543763352793264,0.33024913422329993,0.583879449398235,-0.0012268237244841274,-0.9039146428433971
